Borough,Grade,Year,Category,Number Tested,Mean Scale Score,# Level 1,% Level 1,# Level 2,% Level 2,# Level 3,% Level 3,# Level 4,% Level 4,# Level 3+4,% Level 3+4
BRONX,3,2024,Not SWD,7033,441,2340,33.3,2144,30.5,1853,26.3,696,9.9,2549,36.2
BRONX,3,2024,SWD,2446,427,1518,62.1,621,25.4,247,10.1,60,2.5,307,12.6
BRONX,4,2024,Not SWD,7347,442,2170,29.5,2099,28.6,2023,27.5,1055,14.4,3078,41.9
BRONX,4,2024,SWD,2568,426,1573,61.3,641,25.0,272,10.6,82,3.2,354,13.8
BRONX,5,2024,Not SWD,7878,440,2573,32.7,2522,32.0,2171,27.6,612,7.8,2783,35.3
BRONX,5,2024,SWD,2757,423,1815,65.8,655,23.8,246,8.9,41,1.5,287,10.4
BRONX,6,2024,Not SWD,7456,441,2180,29.2,2340,31.4,2104,28.2,832,11.2,2936,39.4
BRONX,6,2024,SWD,2813,424,1850,65.8,636,22.6,282,10.0,45,1.6,327,11.6
BRONX,7,2024,Not SWD,7763,448,1703,21.9,2157,27.8,2601,33.5,1302,16.8,3903,50.3
BRONX,7,2024,SWD,2654,432,1316,49.6,830,31.3,428,16.1,80,3.0,508,19.1
BRONX,8,2024,Not SWD,8198,448,1716,20.9,2342,28.6,2541,31.0,1599,19.5,4140,50.5
BRONX,8,2024,SWD,2870,430,1458,50.8,902,31.4,413,14.4,97,3.4,510,17.8
BRONX,All Grades,2024,Not SWD,45675,443,12682,27.8,13604,29.8,13293,29.1,6096,13.3,19389,42.4
BRONX,All Grades,2024,SWD,16108,427,9530,59.2,4285,26.6,1888,11.7,405,2.5,2293,14.2
BRONX,3,2023,Not SWD,7491,441,2699,36.0,2039,27.2,1887,25.2,866,11.6,2753,36.8
BRONX,3,2023,SWD,2329,426,1537,66.0,507,21.8,214,9.2,71,3.0,285,12.2
BRONX,4,2023,Not SWD,7900,445,1846,23.4,2675,33.9,2331,29.5,1048,13.3,3379,42.8
BRONX,4,2023,SWD,2726,429,1523,55.9,807,29.6,317,11.6,79,2.9,396,14.5
BRONX,5,2023,Not SWD,8186,446,1988,24.3,2735,33.4,2566,31.3,897,11.0,3463,42.3
BRONX,5,2023,SWD,2873,428,1688,58.8,810,28.2,341,11.9,34,1.2,375,13.1
BRONX,6,2023,Not SWD,7722,443,2097,27.2,2553,33.1,2093,27.1,979,12.7,3072,39.8
BRONX,6,2023,SWD,2664,426,1628,61.1,721,27.1,252,9.5,63,2.4,315,11.8
BRONX,7,2023,Not SWD,8106,447,1931,23.8,2395,29.5,2628,32.4,1152,14.2,3780,46.6
BRONX,7,2023,SWD,2975,429,1771,59.5,789,26.5,351,11.8,64,2.2,415,13.9
BRONX,8,2023,Not SWD,8680,452,1167,13.4,2468,28.4,3297,38.0,1748,20.1,5045,58.1
BRONX,8,2023,SWD,2911,434,1172,40.3,1112,38.2,521,17.9,106,3.6,627,21.5
BRONX,All Grades,2023,Not SWD,48085,446,11728,24.4,14865,30.9,14802,30.8,6690,13.9,21492,44.7
BRONX,All Grades,2023,SWD,16478,429,9319,56.6,4746,28.8,1996,12.1,417,2.5,2413,14.6
BRONX,3,2022,Not SWD,8037,594,1969,24.5,3137,39.0,2611,32.5,320,4.0,2931,36.5
BRONX,3,2022,SWD,2540,580,1372,54.0,889,35.0,258,10.2,21,0.8,279,11.0
BRONX,4,2022,Not SWD,8430,591,2616,31.0,3203,38.0,1730,20.5,881,10.5,2611,31.0
BRONX,4,2022,SWD,2770,575,1839,66.4,709,25.6,174,6.3,48,1.7,222,8.0
BRONX,5,2022,Not SWD,8590,598,3054,35.6,3110,36.2,1557,18.1,869,10.1,2426,28.2
BRONX,5,2022,SWD,2793,582,2017,72.2,590,21.1,139,5.0,47,1.7,186,6.7
BRONX,6,2022,Not SWD,8142,600,2160,26.5,1854,22.8,1947,23.9,2181,26.8,4128,50.7
BRONX,6,2022,SWD,2923,583,1858,63.6,625,21.4,295,10.1,145,5.0,440,15.1
BRONX,7,2022,Not SWD,8490,604,1504,17.7,2952,34.8,2530,29.8,1504,17.7,4034,47.5
BRONX,7,2022,SWD,2911,588,1525,52.4,1005,34.5,334,11.5,47,1.6,381,13.1
BRONX,8,2022,Not SWD,8727,600,1332,15.3,3098,35.5,2810,32.2,1487,17.0,4297,49.2
BRONX,8,2022,SWD,2964,583,1347,45.4,1181,39.8,361,12.2,75,2.5,436,14.7
BRONX,All Grades,2022,Not SWD,50416,598,12635,25.1,17354,34.4,13185,26.2,7242,14.4,20427,40.5
BRONX,All Grades,2022,SWD,16901,582,9958,58.9,4999,29.6,1561,9.2,383,2.3,1944,11.5
BRONX,3,2019,Not SWD,10656,598,1557,14.6,3960,37.2,4553,42.7,586,5.5,5139,48.2
BRONX,3,2019,SWD,3466,581,1643,47.4,1282,37.0,522,15.1,19,0.5,541,15.6
BRONX,4,2019,Not SWD,10976,597,2217,20.2,3930,35.8,3429,31.2,1400,12.8,4829,44.0
BRONX,4,2019,SWD,3681,579,2112,57.4,1128,30.6,376,10.2,65,1.8,441,12.0
BRONX,5,2019,Not SWD,10634,599,3967,37.3,3078,28.9,2269,21.3,1320,12.4,3589,33.8
BRONX,5,2019,SWD,3762,580,2872,76.3,622,16.5,214,5.7,54,1.4,268,7.1
BRONX,6,2019,Not SWD,10241,596,3302,32.2,2737,26.7,1969,19.2,2233,21.8,4202,41.0
BRONX,6,2019,SWD,3599,577,2626,73.0,617,17.1,243,6.8,113,3.1,356,9.9
BRONX,7,2019,Not SWD,10202,598,3260,32.0,3402,33.3,2502,24.5,1038,10.2,3540,34.7
BRONX,7,2019,SWD,3596,580,2577,71.7,798,22.2,200,5.6,21,0.6,221,6.1
BRONX,8,2019,Not SWD,10483,599,1555,14.8,4186,39.9,3110,29.7,1632,15.6,4742,45.2
BRONX,8,2019,SWD,3500,584,1561,44.6,1499,42.8,373,10.7,67,1.9,440,12.6
BRONX,All Grades,2019,Not SWD,63192,598,15858,25.1,21293,33.7,17832,28.2,8209,13.0,26041,41.2
BRONX,All Grades,2019,SWD,21604,580,13391,62.0,5946,27.5,1928,8.9,339,1.6,2267,10.5
BRONX,3,2018,Not SWD,11344,597,2187,19.3,4205,37.1,4440,39.1,512,4.5,4952,43.7
BRONX,3,2018,SWD,3443,580,1771,51.4,1214,35.3,434,12.6,24,0.7,458,13.3
BRONX,4,2018,Not SWD,11015,598,2223,20.2,4204,38.2,3112,28.3,1476,13.4,4588,41.7
BRONX,4,2018,SWD,3757,580,2058,54.8,1280,34.1,349,9.3,70,1.9,419,11.2
BRONX,5,2018,Not SWD,11144,598,4012,36.0,3778,33.9,2303,20.7,1051,9.4,3354,30.1
BRONX,5,2018,SWD,3790,581,2764,72.9,771,20.3,201,5.3,54,1.4,255,6.7
BRONX,6,2018,Not SWD,10236,598,3025,29.6,2775,27.1,2290,22.4,2146,21.0,4436,43.3
BRONX,6,2018,SWD,3692,581,2473,67.0,823,22.3,299,8.1,97,2.6,396,10.7
BRONX,7,2018,Not SWD,10516,599,2858,27.2,4005,38.1,2842,27.0,811,7.7,3653,34.7
BRONX,7,2018,SWD,3625,583,2315,63.9,1059,29.2,226,6.2,25,0.7,251,6.9
BRONX,8,2018,Not SWD,10203,599,1588,15.6,3955,38.8,3002,29.4,1658,16.3,4660,45.7
BRONX,8,2018,SWD,3433,584,1591,46.3,1428,41.6,355,10.3,59,1.7,414,12.1
BRONX,All Grades,2018,Not SWD,64458,598,15893,24.7,22922,35.6,17989,27.9,7654,11.9,25643,39.8
BRONX,All Grades,2018,SWD,21740,581,12972,59.7,6575,30.2,1864,8.6,329,1.5,2193,10.1
BROOKLYN,3,2024,Not SWD,11397,450,2374,20.8,2917,25.6,3584,31.4,2522,22.1,6106,53.6
BROOKLYN,3,2024,SWD,2999,433,1497,49.9,822,27.4,512,17.1,168,5.6,680,22.7
BROOKLYN,4,2024,Not SWD,11543,452,2004,17.4,2658,23.0,3682,31.9,3199,27.7,6881,59.6
BROOKLYN,4,2024,SWD,3017,432,1479,49.0,800,26.5,516,17.1,222,7.4,738,24.5
BROOKLYN,5,2024,Not SWD,11669,449,2388,20.5,3050,26.1,4057,34.8,2174,18.6,6231,53.4
BROOKLYN,5,2024,SWD,3128,431,1588,50.8,858,27.4,550,17.6,132,4.2,682,21.8
BROOKLYN,6,2024,Not SWD,12094,450,2371,19.6,2998,24.8,3871,32.0,2854,23.6,6725,55.6
BROOKLYN,6,2024,SWD,3156,429,1720,54.5,860,27.2,458,14.5,118,3.7,576,18.3
BROOKLYN,7,2024,Not SWD,12058,456,1645,13.6,2588,21.5,4322,35.8,3503,29.1,7825,64.9
BROOKLYN,7,2024,SWD,3142,437,1263,40.2,975,31.0,683,21.7,221,7.0,904,28.8
BROOKLYN,8,2024,Not SWD,11703,455,1743,14.9,2568,21.9,3617,30.9,3775,32.3,7392,63.2
BROOKLYN,8,2024,SWD,3054,435,1255,41.1,1017,33.3,561,18.4,221,7.2,782,25.6
BROOKLYN,All Grades,2024,Not SWD,70464,452,12525,17.8,16779,23.8,23133,32.8,18027,25.6,41160,58.4
BROOKLYN,All Grades,2024,SWD,18496,433,8802,47.6,5332,28.8,3280,17.7,1082,5.8,4362,23.6
BROOKLYN,3,2023,Not SWD,11464,452,2254,19.7,2637,23.0,3863,33.7,2710,23.6,6573,57.3
BROOKLYN,3,2023,SWD,2770,433,1462,52.8,652,23.5,472,17.0,184,6.6,656,23.7
BROOKLYN,4,2023,Not SWD,11405,457,1401,12.3,2690,23.6,3784,33.2,3530,31.0,7314,64.1
BROOKLYN,4,2023,SWD,3006,436,1234,41.1,929,30.9,636,21.2,207,6.9,843,28.0
BROOKLYN,5,2023,Not SWD,12230,455,1759,14.4,3066,25.1,4535,37.1,2870,23.5,7405,60.5
BROOKLYN,5,2023,SWD,3281,434,1516,46.2,1025,31.2,598,18.2,142,4.3,740,22.6
BROOKLYN,6,2023,Not SWD,11816,453,1844,15.6,3075,26.0,3614,30.6,3283,27.8,6897,58.4
BROOKLYN,6,2023,SWD,3176,431,1679,52.9,876,27.6,457,14.4,164,5.2,621,19.6
BROOKLYN,7,2023,Not SWD,11969,456,1795,15.0,2659,22.2,4180,34.9,3335,27.9,7515,62.8
BROOKLYN,7,2023,SWD,3194,435,1554,48.7,906,28.4,562,17.6,172,5.4,734,23.0
BROOKLYN,8,2023,Not SWD,12139,460,1022,8.4,2520,20.8,4463,36.8,4134,34.1,8597,70.8
BROOKLYN,8,2023,SWD,3190,438,1035,32.4,1243,39.0,709,22.2,203,6.4,912,28.6
BROOKLYN,All Grades,2023,Not SWD,71023,455,10075,14.2,16647,23.4,24439,34.4,19862,28.0,44301,62.4
BROOKLYN,All Grades,2023,SWD,18617,435,8480,45.5,5631,30.2,3434,18.4,1072,5.8,4506,24.2
BROOKLYN,3,2022,Not SWD,11691,604,1369,11.7,3397,29.1,5630,48.2,1295,11.1,6925,59.2
BROOKLYN,3,2022,SWD,2776,588,994,35.8,1084,39.0,648,23.3,50,1.8,698,25.1
BROOKLYN,4,2022,Not SWD,12210,602,1807,14.8,3722,30.5,3538,29.0,3143,25.7,6681,54.7
BROOKLYN,4,2022,SWD,3106,582,1539,49.5,1037,33.4,388,12.5,142,4.6,530,17.1
BROOKLYN,5,2022,Not SWD,12386,607,2452,19.8,3938,31.8,3053,24.6,2943,23.8,5996,48.4
BROOKLYN,5,2022,SWD,3275,589,1823,55.7,991,30.3,335,10.2,126,3.8,461,14.1
BROOKLYN,6,2022,Not SWD,11903,608,1792,15.1,2047,17.2,2850,23.9,5214,43.8,8064,67.7
BROOKLYN,6,2022,SWD,3268,589,1692,51.8,730,22.3,516,15.8,330,10.1,846,25.9
BROOKLYN,7,2022,Not SWD,12730,611,1375,10.8,3234,25.4,4050,31.8,4071,32.0,8121,63.8
BROOKLYN,7,2022,SWD,3386,592,1464,43.2,1223,36.1,538,15.9,161,4.8,699,20.6
BROOKLYN,8,2022,Not SWD,12498,607,1186,9.5,3444,27.6,3956,31.7,3912,31.3,7868,63.0
BROOKLYN,8,2022,SWD,3144,587,1235,39.3,1286,40.9,489,15.6,134,4.3,623,19.8
BROOKLYN,All Grades,2022,Not SWD,73418,607,9981,13.6,19782,26.9,23077,31.4,20578,28.0,43655,59.5
BROOKLYN,All Grades,2022,SWD,18955,588,8747,46.1,6351,33.5,2914,15.4,943,5.0,3857,20.3
BROOKLYN,3,2019,Not SWD,14775,604,1391,9.4,4213,28.5,7675,51.9,1496,10.1,9171,62.1
BROOKLYN,3,2019,SWD,3781,586,1424,37.7,1452,38.4,831,22.0,74,2.0,905,23.9
BROOKLYN,4,2019,Not SWD,15238,604,1875,12.3,4262,28.0,5490,36.0,3611,23.7,9101,59.7
BROOKLYN,4,2019,SWD,4130,585,1895,45.9,1415,34.3,631,15.3,189,4.6,820,19.9
BROOKLYN,5,2019,Not SWD,15016,605,3938,26.2,3924,26.1,3856,25.7,3298,22.0,7154,47.6
BROOKLYN,5,2019,SWD,3992,584,2699,67.6,791,19.8,343,8.6,159,4.0,502,12.6
BROOKLYN,6,2019,Not SWD,15217,605,3172,20.8,3098,20.4,2930,19.3,6017,39.5,8947,58.8
BROOKLYN,6,2019,SWD,4039,582,2557,63.3,838,20.7,365,9.0,279,6.9,644,15.9
BROOKLYN,7,2019,Not SWD,15035,607,2768,18.4,4323,28.8,4506,30.0,3438,22.9,7944,52.8
BROOKLYN,7,2019,SWD,3716,586,2212,59.5,1054,28.4,368,9.9,82,2.2,450,12.1
BROOKLYN,8,2019,Not SWD,14644,606,1368,9.3,4331,29.6,4636,31.7,4309,29.4,8945,61.1
BROOKLYN,8,2019,SWD,3626,587,1363,37.6,1602,44.2,525,14.5,136,3.8,661,18.2
BROOKLYN,All Grades,2019,Not SWD,89925,605,14512,16.1,24151,26.9,29093,32.4,22169,24.7,51262,57.0
BROOKLYN,All Grades,2019,SWD,23284,585,12150,52.2,7152,30.7,3063,13.2,919,3.9,3982,17.1
BROOKLYN,3,2018,Not SWD,15561,605,1772,11.4,4596,29.5,7570,48.6,1623,10.4,9193,59.1
BROOKLYN,3,2018,SWD,4007,586,1639,40.9,1481,37.0,816,20.4,71,1.8,887,22.1
BROOKLYN,4,2018,Not SWD,15408,606,1800,11.7,4481,29.1,4807,31.2,4320,28.0,9127,59.2
BROOKLYN,4,2018,SWD,3974,587,1700,42.8,1436,36.1,608,15.3,230,5.8,838,21.1
BROOKLYN,5,2018,Not SWD,15563,605,3698,23.8,4828,31.0,3978,25.6,3059,19.7,7037,45.2
BROOKLYN,5,2018,SWD,4071,585,2696,66.2,917,22.5,346,8.5,112,2.8,458,11.3
BROOKLYN,6,2018,Not SWD,14887,605,2837,19.1,3349,22.5,3389,22.8,5312,35.7,8701,58.4
BROOKLYN,6,2018,SWD,3808,585,2268,59.6,922,24.2,414,10.9,204,5.4,618,16.2
BROOKLYN,7,2018,Not SWD,14950,606,2606,17.4,4594,30.7,4871,32.6,2879,19.3,7750,51.8
BROOKLYN,7,2018,SWD,3828,587,2120,55.4,1235,32.3,401,10.5,72,1.9,473,12.4
BROOKLYN,8,2018,Not SWD,14418,606,1411,9.8,4308,29.9,4421,30.7,4278,29.7,8699,60.3
BROOKLYN,8,2018,SWD,3486,587,1379,39.6,1541,44.2,437,12.5,129,3.7,566,16.2
BROOKLYN,All Grades,2018,Not SWD,90787,605,14124,15.6,26156,28.8,29036,32.0,21471,23.6,50507,55.6
BROOKLYN,All Grades,2018,SWD,23174,586,11802,50.9,7532,32.5,3022,13.0,818,3.5,3840,16.6
MANHATTAN,3,2024,Not SWD,4327,457,650,15.0,827,19.1,1395,32.2,1455,33.6,2850,65.9
MANHATTAN,3,2024,SWD,1259,437,523,41.5,347,27.6,272,21.6,117,9.3,389,30.9
MANHATTAN,4,2024,Not SWD,4341,458,581,13.4,712,16.4,1234,28.4,1814,41.8,3048,70.2
MANHATTAN,4,2024,SWD,1264,437,517,40.9,348,27.5,257,20.3,142,11.2,399,31.6
MANHATTAN,5,2024,Not SWD,4270,455,691,16.2,847,19.8,1440,33.7,1292,30.3,2732,64.0
MANHATTAN,5,2024,SWD,1263,434,603,47.7,328,26.0,240,19.0,92,7.3,332,26.3
MANHATTAN,6,2024,Not SWD,4233,456,626,14.8,816,19.3,1312,31.0,1479,34.9,2791,65.9
MANHATTAN,6,2024,SWD,1325,433,630,47.5,377,28.5,231,17.4,87,6.6,318,24.0
MANHATTAN,7,2024,Not SWD,4466,460,509,11.4,770,17.2,1447,32.4,1740,39.0,3187,71.4
MANHATTAN,7,2024,SWD,1292,439,488,37.8,366,28.3,330,25.5,108,8.4,438,33.9
MANHATTAN,8,2024,Not SWD,4431,457,626,14.1,871,19.7,1264,28.5,1670,37.7,2934,66.2
MANHATTAN,8,2024,SWD,1313,437,513,39.1,380,28.9,304,23.2,116,8.8,420,32.0
MANHATTAN,All Grades,2024,Not SWD,26068,457,3683,14.1,4843,18.6,8092,31.0,9450,36.3,17542,67.3
MANHATTAN,All Grades,2024,SWD,7716,436,3274,42.4,2146,27.8,1634,21.2,662,8.6,2296,29.8
MANHATTAN,3,2023,Not SWD,4328,457,659,15.2,794,18.3,1436,33.2,1439,33.2,2875,66.4
MANHATTAN,3,2023,SWD,1251,436,589,47.1,287,22.9,268,21.4,107,8.6,375,30.0
MANHATTAN,4,2023,Not SWD,4374,463,426,9.7,822,18.8,1221,27.9,1905,43.6,3126,71.5
MANHATTAN,4,2023,SWD,1251,439,461,36.9,382,30.5,272,21.7,136,10.9,408,32.6
MANHATTAN,5,2023,Not SWD,4325,461,469,10.8,796,18.4,1529,35.4,1531,35.4,3060,70.8
MANHATTAN,5,2023,SWD,1350,436,620,45.9,369,27.3,277,20.5,84,6.2,361,26.7
MANHATTAN,6,2023,Not SWD,4430,458,498,11.2,941,21.2,1316,29.7,1675,37.8,2991,67.5
MANHATTAN,6,2023,SWD,1305,435,593,45.4,357,27.4,247,18.9,108,8.3,355,27.2
MANHATTAN,7,2023,Not SWD,4605,460,576,12.5,856,18.6,1459,31.7,1714,37.2,3173,68.9
MANHATTAN,7,2023,SWD,1407,439,594,42.2,395,28.1,286,20.3,132,9.4,418,29.7
MANHATTAN,8,2023,Not SWD,4528,462,306,6.8,862,19.0,1572,34.7,1788,39.5,3360,74.2
MANHATTAN,8,2023,SWD,1401,441,421,30.0,476,34.0,369,26.3,135,9.6,504,36.0
MANHATTAN,All Grades,2023,Not SWD,26590,460,2934,11.0,5071,19.1,8533,32.1,10052,37.8,18585,69.9
MANHATTAN,All Grades,2023,SWD,7965,438,3278,41.2,2266,28.4,1719,21.6,702,8.8,2421,30.4
MANHATTAN,3,2022,Not SWD,4494,609,401,8.9,1026,22.8,2256,50.2,811,18.0,3067,68.2
MANHATTAN,3,2022,SWD,1190,590,377,31.7,497,41.8,282,23.7,34,2.9,316,26.6
MANHATTAN,4,2022,Not SWD,4390,608,518,11.8,1046,23.8,1011,23.0,1815,41.3,2826,64.4
MANHATTAN,4,2022,SWD,1294,584,615,47.5,402,31.1,172,13.3,105,8.1,277,21.4
MANHATTAN,5,2022,Not SWD,4633,611,730,15.8,1265,27.3,1047,22.6,1591,34.3,2638,56.9
MANHATTAN,5,2022,SWD,1344,590,708,52.7,369,27.5,173,12.9,94,7.0,267,19.9
MANHATTAN,6,2022,Not SWD,4626,612,571,12.3,652,14.1,1000,21.6,2403,51.9,3403,73.6
MANHATTAN,6,2022,SWD,1394,592,647,46.4,297,21.3,231,16.6,219,15.7,450,32.3
MANHATTAN,7,2022,Not SWD,4752,614,417,8.8,1070,22.5,1510,31.8,1755,36.9,3265,68.7
MANHATTAN,7,2022,SWD,1441,595,541,37.5,493,34.2,295,20.5,112,7.8,407,28.2
MANHATTAN,8,2022,Not SWD,4679,608,415,8.9,1151,24.6,1419,30.3,1694,36.2,3113,66.5
MANHATTAN,8,2022,SWD,1345,590,444,33.0,522,38.8,271,20.1,108,8.0,379,28.2
MANHATTAN,All Grades,2022,Not SWD,27574,610,3052,11.1,6210,22.5,8243,29.9,10069,36.5,18312,66.4
MANHATTAN,All Grades,2022,SWD,8008,590,3332,41.6,2580,32.2,1424,17.8,672,8.4,2096,26.2
MANHATTAN,3,2019,Not SWD,5977,609,366,6.1,1429,23.9,3073,51.4,1109,18.6,4182,70.0
MANHATTAN,3,2019,SWD,1702,588,561,33.0,659,38.7,429,25.2,53,3.1,482,28.3
MANHATTAN,4,2019,Not SWD,6004,609,606,10.1,1315,21.9,1938,32.3,2145,35.7,4083,68.0
MANHATTAN,4,2019,SWD,1805,589,665,36.8,603,33.4,383,21.2,154,8.5,537,29.8
MANHATTAN,5,2019,Not SWD,5867,610,1199,20.4,1241,21.2,1519,25.9,1908,32.5,3427,58.4
MANHATTAN,5,2019,SWD,1691,588,997,59.0,369,21.8,209,12.4,116,6.9,325,19.2
MANHATTAN,6,2019,Not SWD,6008,610,898,14.9,1017,16.9,1072,17.8,3021,50.3,4093,68.1
MANHATTAN,6,2019,SWD,1662,586,869,52.3,357,21.5,216,13.0,220,13.2,436,26.2
MANHATTAN,7,2019,Not SWD,5964,611,893,15.0,1391,23.3,1764,29.6,1916,32.1,3680,61.7
MANHATTAN,7,2019,SWD,1670,590,827,49.5,499,29.9,240,14.4,104,6.2,344,20.6
MANHATTAN,8,2019,Not SWD,5719,608,477,8.3,1418,24.8,1851,32.4,1973,34.5,3824,66.9
MANHATTAN,8,2019,SWD,1625,590,493,30.3,722,44.4,308,19.0,102,6.3,410,25.2
MANHATTAN,All Grades,2019,Not SWD,35539,610,4439,12.5,7811,22.0,11217,31.6,12072,34.0,23289,65.5
MANHATTAN,All Grades,2019,SWD,10155,589,4412,43.4,3209,31.6,1785,17.6,749,7.4,2534,25.0
MANHATTAN,3,2018,Not SWD,6206,609,607,9.8,1506,24.3,2985,48.1,1108,17.9,4093,66.0
MANHATTAN,3,2018,SWD,1718,590,595,34.6,574,33.4,490,28.5,59,3.4,549,32.0
MANHATTAN,4,2018,Not SWD,6241,610,588,9.4,1535,24.6,1791,28.7,2327,37.3,4118,66.0
MANHATTAN,4,2018,SWD,1690,589,639,37.8,589,34.9,305,18.0,157,9.3,462,27.3
MANHATTAN,5,2018,Not SWD,6114,611,1013,16.6,1507,24.6,1584,25.9,2010,32.9,3594,58.8
MANHATTAN,5,2018,SWD,1719,590,955,55.6,454,26.4,209,12.2,101,5.9,310,18.0
MANHATTAN,6,2018,Not SWD,5965,608,867,14.5,1169,19.6,1310,22.0,2619,43.9,3929,65.9
MANHATTAN,6,2018,SWD,1676,588,888,53.0,387,23.1,234,14.0,167,10.0,401,23.9
MANHATTAN,7,2018,Not SWD,5955,610,812,13.6,1551,26.0,2017,33.9,1575,26.4,3592,60.3
MANHATTAN,7,2018,SWD,1709,590,820,48.0,553,32.4,259,15.2,77,4.5,336,19.7
MANHATTAN,8,2018,Not SWD,6006,609,523,8.7,1535,25.6,1752,29.2,2196,36.6,3948,65.7
MANHATTAN,8,2018,SWD,1564,590,529,33.8,652,41.7,268,17.1,115,7.4,383,24.5
MANHATTAN,All Grades,2018,Not SWD,36487,609,4410,12.1,8803,24.1,11439,31.4,11835,32.4,23274,63.8
MANHATTAN,All Grades,2018,SWD,10076,589,4426,43.9,3209,31.8,1765,17.5,676,6.7,2441,24.2
QUEENS,3,2024,Not SWD,12575,449,2816,22.4,3168,25.2,3986,31.7,2605,20.7,6591,52.4
QUEENS,3,2024,SWD,2934,430,1605,54.7,764,26.0,448,15.3,117,4.0,565,19.3
QUEENS,4,2024,Not SWD,13112,452,2313,17.6,2965,22.6,4194,32.0,3640,27.8,7834,59.7
QUEENS,4,2024,SWD,2986,430,1587,53.1,813,27.2,433,14.5,153,5.1,586,19.6
QUEENS,5,2024,Not SWD,13332,450,2724,20.4,3326,24.9,4626,34.7,2656,19.9,7282,54.6
QUEENS,5,2024,SWD,3032,429,1691,55.8,753,24.8,479,15.8,109,3.6,588,19.4
QUEENS,6,2024,Not SWD,13914,450,2859,20.5,3322,23.9,4309,31.0,3424,24.6,7733,55.6
QUEENS,6,2024,SWD,3205,429,1756,54.8,859,26.8,467,14.6,123,3.8,590,18.4
QUEENS,7,2024,Not SWD,14093,456,2120,15.0,2813,20.0,4933,35.0,4227,30.0,9160,65.0
QUEENS,7,2024,SWD,3043,434,1364,44.8,950,31.2,583,19.2,146,4.8,729,24.0
QUEENS,8,2024,Not SWD,14209,455,2336,16.4,2821,19.9,4173,29.4,4879,34.3,9052,63.7
QUEENS,8,2024,SWD,2949,434,1298,44.0,909,30.8,560,19.0,182,6.2,742,25.2
QUEENS,All Grades,2024,Not SWD,81235,452,15168,18.7,18415,22.7,26221,32.3,21431,26.4,47652,58.7
QUEENS,All Grades,2024,SWD,18149,431,9301,51.2,5048,27.8,2970,16.4,830,4.6,3800,20.9
QUEENS,3,2023,Not SWD,12967,452,2463,19.0,2993,23.1,4358,33.6,3153,24.3,7511,57.9
QUEENS,3,2023,SWD,2709,432,1494,55.1,651,24.0,411,15.2,153,5.6,564,20.8
QUEENS,4,2023,Not SWD,13197,456,1644,12.5,3224,24.4,4428,33.6,3901,29.6,8329,63.1
QUEENS,4,2023,SWD,2958,435,1262,42.7,941,31.8,552,18.7,203,6.9,755,25.5
QUEENS,5,2023,Not SWD,13410,455,1906,14.2,3367,25.1,4878,36.4,3259,24.3,8137,60.7
QUEENS,5,2023,SWD,3145,433,1483,47.2,940,29.9,584,18.6,138,4.4,722,23.0
QUEENS,6,2023,Not SWD,13639,453,2177,16.0,3485,25.6,4172,30.6,3805,27.9,7977,58.5
QUEENS,6,2023,SWD,3085,430,1671,54.2,891,28.9,403,13.1,120,3.9,523,17.0
QUEENS,7,2023,Not SWD,14035,456,2189,15.6,3005,21.4,4684,33.4,4157,29.6,8841,63.0
QUEENS,7,2023,SWD,3079,434,1552,50.4,906,29.4,472,15.3,149,4.8,621,20.2
QUEENS,8,2023,Not SWD,14135,460,1314,9.3,2789,19.7,5018,35.5,5014,35.5,10032,71.0
QUEENS,8,2023,SWD,2961,438,947,32.0,1178,39.8,673,22.7,163,5.5,836,28.2
QUEENS,All Grades,2023,Not SWD,81383,455,11693,14.4,18863,23.2,27538,33.8,23289,28.6,50827,62.5
QUEENS,All Grades,2023,SWD,17937,434,8409,46.9,5507,30.7,3095,17.3,926,5.2,4021,22.4
QUEENS,3,2022,Not SWD,13256,605,1348,10.2,3869,29.2,6400,48.3,1639,12.4,8039,60.6
QUEENS,3,2022,SWD,2810,587,1080,38.4,1093,38.9,592,21.1,45,1.6,637,22.7
QUEENS,4,2022,Not SWD,13485,603,1947,14.4,4063,30.1,3661,27.1,3814,28.3,7475,55.4
QUEENS,4,2022,SWD,3076,583,1518,49.3,1020,33.2,377,12.3,161,5.2,538,17.5
QUEENS,5,2022,Not SWD,13496,608,2346,17.4,4311,31.9,3384,25.1,3455,25.6,6839,50.7
QUEENS,5,2022,SWD,3069,588,1787,58.2,918,29.9,253,8.2,111,3.6,364,11.9
QUEENS,6,2022,Not SWD,13839,609,1983,14.3,2278,16.5,3121,22.6,6457,46.7,9578,69.2
QUEENS,6,2022,SWD,3173,588,1688,53.2,729,23.0,455,14.3,301,9.5,756,23.8
QUEENS,7,2022,Not SWD,14524,612,1372,9.4,3649,25.1,4696,32.3,4807,33.1,9503,65.4
QUEENS,7,2022,SWD,3167,592,1326,41.9,1258,39.7,472,14.9,111,3.5,583,18.4
QUEENS,8,2022,Not SWD,14872,608,1378,9.3,3627,24.4,4808,32.3,5059,34.0,9867,66.3
QUEENS,8,2022,SWD,3102,587,1195,38.5,1271,41.0,505,16.3,131,4.2,636,20.5
QUEENS,All Grades,2022,Not SWD,83472,608,10374,12.4,21797,26.1,26070,31.2,25231,30.2,51301,61.5
QUEENS,All Grades,2022,SWD,18397,587,8594,46.7,6289,34.2,2654,14.4,860,4.7,3514,19.1
QUEENS,3,2019,Not SWD,15895,607,1021,6.4,4359,27.4,8335,52.4,2180,13.7,10515,66.2
QUEENS,3,2019,SWD,3599,586,1276,35.5,1472,40.9,794,22.1,57,1.6,851,23.6
QUEENS,4,2019,Not SWD,16342,605,1635,10.0,4469,27.3,6143,37.6,4095,25.1,10238,62.6
QUEENS,4,2019,SWD,3682,585,1680,45.6,1323,35.9,553,15.0,126,3.4,679,18.4
QUEENS,5,2019,Not SWD,16499,607,3533,21.4,4359,26.4,4595,27.9,4012,24.3,8607,52.2
QUEENS,5,2019,SWD,3735,584,2533,67.8,768,20.6,306,8.2,128,3.4,434,11.6
QUEENS,6,2019,Not SWD,16983,606,3161,18.6,3528,20.8,3407,20.1,6887,40.6,10294,60.6
QUEENS,6,2019,SWD,3695,582,2329,63.0,742,20.1,377,10.2,247,6.7,624,16.9
QUEENS,7,2019,Not SWD,16553,608,2799,16.9,4682,28.3,5048,30.5,4024,24.3,9072,54.8
QUEENS,7,2019,SWD,3561,586,2086,58.6,1061,29.8,330,9.3,84,2.4,414,11.6
QUEENS,8,2019,Not SWD,16406,607,1479,9.0,4544,27.7,5265,32.1,5118,31.2,10383,63.3
QUEENS,8,2019,SWD,3317,587,1237,37.3,1500,45.2,476,14.4,104,3.1,580,17.5
QUEENS,All Grades,2019,Not SWD,98678,607,13628,13.8,25941,26.3,32793,33.2,26316,26.7,59109,59.9
QUEENS,All Grades,2019,SWD,21589,585,11141,51.6,6866,31.8,2836,13.1,746,3.5,3582,16.6
QUEENS,3,2018,Not SWD,16527,607,1362,8.2,4625,28.0,8452,51.1,2088,12.6,10540,63.8
QUEENS,3,2018,SWD,3557,586,1398,39.3,1398,39.3,708,19.9,53,1.5,761,21.4
QUEENS,4,2018,Not SWD,16684,608,1465,8.8,4743,28.4,5606,33.6,4870,29.2,10476,62.8
QUEENS,4,2018,SWD,3758,586,1569,41.8,1490,39.6,539,14.3,160,4.3,699,18.6
QUEENS,5,2018,Not SWD,17217,607,3332,19.4,5299,30.8,4840,28.1,3746,21.8,8586,49.9
QUEENS,5,2018,SWD,3755,586,2357,62.8,972,25.9,315,8.4,111,3.0,426,11.3
QUEENS,6,2018,Not SWD,16523,607,2600,15.7,3600,21.8,3862,23.4,6461,39.1,10323,62.5
QUEENS,6,2018,SWD,3666,585,2096,57.2,977,26.7,416,11.3,177,4.8,593,16.2
QUEENS,7,2018,Not SWD,16554,608,2569,15.5,4720,28.5,5672,34.3,3593,21.7,9265,56.0
QUEENS,7,2018,SWD,3517,587,1897,53.9,1158,32.9,409,11.6,53,1.5,462,13.1
QUEENS,8,2018,Not SWD,16418,608,1420,8.6,4471,27.2,5149,31.4,5378,32.8,10527,64.1
QUEENS,8,2018,SWD,3190,588,1124,35.2,1466,46.0,480,15.0,120,3.8,600,18.8
QUEENS,All Grades,2018,Not SWD,99923,607,12748,12.8,27458,27.5,33581,33.6,26136,26.2,59717,59.8
QUEENS,All Grades,2018,SWD,21443,587,10441,48.7,7461,34.8,2867,13.4,674,3.1,3541,16.5
STATEN ISLAND,3,2024,Not SWD,2716,455,332,12.2,641,23.6,1024,37.7,719,26.5,1743,64.2
STATEN ISLAND,3,2024,SWD,990,436,419,42.3,295,29.8,205,20.7,71,7.2,276,27.9
STATEN ISLAND,4,2024,Not SWD,2803,458,255,9.1,528,18.8,1024,36.5,996,35.5,2020,72.1
STATEN ISLAND,4,2024,SWD,1032,437,383,37.1,328,31.8,242,23.4,79,7.7,321,31.1
STATEN ISLAND,5,2024,Not SWD,2782,454,314,11.3,756,27.2,1145,41.2,567,20.4,1712,61.5
STATEN ISLAND,5,2024,SWD,1053,432,510,48.4,312,29.6,191,18.1,40,3.8,231,21.9
STATEN ISLAND,6,2024,Not SWD,2909,453,395,13.6,712,24.5,1019,35.0,783,26.9,1802,61.9
STATEN ISLAND,6,2024,SWD,920,430,463,50.3,279,30.3,146,15.9,32,3.5,178,19.3
STATEN ISLAND,7,2024,Not SWD,3005,458,237,7.9,661,22.0,1190,39.6,917,30.5,2107,70.1
STATEN ISLAND,7,2024,SWD,853,436,355,41.6,267,31.3,178,20.9,53,6.2,231,27.1
STATEN ISLAND,8,2024,Not SWD,2644,458,277,10.5,531,20.1,905,34.2,931,35.2,1836,69.4
STATEN ISLAND,8,2024,SWD,829,434,345,41.6,282,34.0,151,18.2,51,6.2,202,24.4
STATEN ISLAND,All Grades,2024,Not SWD,16859,456,1810,10.7,3829,22.7,6307,37.4,4913,29.1,11220,66.6
STATEN ISLAND,All Grades,2024,SWD,5677,434,2475,43.6,1763,31.1,1113,19.6,326,5.7,1439,25.3
STATEN ISLAND,3,2023,Not SWD,2761,458,316,11.4,583,21.1,1034,37.5,828,30.0,1862,67.4
STATEN ISLAND,3,2023,SWD,1008,436,454,45.0,290,28.8,189,18.8,75,7.4,264,26.2
STATEN ISLAND,4,2023,Not SWD,2721,460,192,7.1,614,22.6,1001,36.8,914,33.6,1915,70.4
STATEN ISLAND,4,2023,SWD,1036,438,375,36.2,363,35.0,213,20.6,85,8.2,298,28.8
STATEN ISLAND,5,2023,Not SWD,3048,458,297,9.7,727,23.9,1191,39.1,833,27.3,2024,66.4
STATEN ISLAND,5,2023,SWD,995,435,443,44.5,299,30.1,202,20.3,51,5.1,253,25.4
STATEN ISLAND,6,2023,Not SWD,2901,457,299,10.3,671,23.1,1016,35.0,915,31.5,1931,66.6
STATEN ISLAND,6,2023,SWD,905,432,461,50.9,266,29.4,126,13.9,52,5.7,178,19.7
STATEN ISLAND,7,2023,Not SWD,2810,459,279,9.9,608,21.6,1052,37.4,871,31.0,1923,68.4
STATEN ISLAND,7,2023,SWD,892,435,421,47.2,274,30.7,151,16.9,46,5.2,197,22.1
STATEN ISLAND,8,2023,Not SWD,2769,463,149,5.4,516,18.6,1038,37.5,1066,38.5,2104,76.0
STATEN ISLAND,8,2023,SWD,843,439,266,31.6,336,39.9,181,21.5,60,7.1,241,28.6
STATEN ISLAND,All Grades,2023,Not SWD,17010,459,1532,9.0,3719,21.9,6332,37.2,5427,31.9,11759,69.1
STATEN ISLAND,All Grades,2023,SWD,5679,436,2420,42.6,1828,32.2,1062,18.7,369,6.5,1431,25.2
STATEN ISLAND,3,2022,Not SWD,2753,608,204,7.4,684,24.8,1449,52.6,416,15.1,1865,67.7
STATEN ISLAND,3,2022,SWD,1052,591,339,32.2,395,37.5,280,26.6,38,3.6,318,30.2
STATEN ISLAND,4,2022,Not SWD,3037,605,351,11.6,871,28.7,957,31.5,858,28.3,1815,59.8
STATEN ISLAND,4,2022,SWD,1033,584,477,46.2,347,33.6,148,14.3,61,5.9,209,20.2
STATEN ISLAND,5,2022,Not SWD,3083,610,411,13.3,941,30.5,853,27.7,878,28.5,1731,56.1
STATEN ISLAND,5,2022,SWD,1056,589,587,55.6,308,29.2,101,9.6,60,5.7,161,15.2
STATEN ISLAND,6,2022,Not SWD,2787,612,271,9.7,422,15.1,708,25.4,1386,49.7,2094,75.1
STATEN ISLAND,6,2022,SWD,939,589,474,50.5,222,23.6,151,16.1,92,9.8,243,25.9
STATEN ISLAND,7,2022,Not SWD,2974,614,221,7.4,677,22.8,991,33.3,1085,36.5,2076,69.8
STATEN ISLAND,7,2022,SWD,901,593,349,38.7,369,41.0,135,15.0,48,5.3,183,20.3
STATEN ISLAND,8,2022,Not SWD,2760,609,165,6.0,650,23.6,1013,36.7,932,33.8,1945,70.5
STATEN ISLAND,8,2022,SWD,846,589,303,35.8,334,39.5,169,20.0,40,4.7,209,24.7
STATEN ISLAND,All Grades,2022,Not SWD,17394,610,1623,9.3,4245,24.4,5971,34.3,5555,31.9,11526,66.3
STATEN ISLAND,All Grades,2022,SWD,5827,589,2529,43.4,1975,33.9,984,16.9,339,5.8,1323,22.7
STATEN ISLAND,3,2019,Not SWD,3122,610,144,4.6,691,22.1,1794,57.5,493,15.8,2287,73.3
STATEN ISLAND,3,2019,SWD,1256,589,389,31.0,491,39.1,340,27.1,36,2.9,376,29.9
STATEN ISLAND,4,2019,Not SWD,3227,607,235,7.3,878,27.2,1267,39.3,847,26.2,2114,65.5
STATEN ISLAND,4,2019,SWD,1199,587,475,39.6,471,39.3,207,17.3,46,3.8,253,21.1
STATEN ISLAND,5,2019,Not SWD,3280,609,577,17.6,851,25.9,992,30.2,860,26.2,1852,56.5
STATEN ISLAND,5,2019,SWD,1202,587,748,62.2,289,24.0,126,10.5,39,3.2,165,13.7
STATEN ISLAND,6,2019,Not SWD,3073,610,340,11.1,590,19.2,673,21.9,1470,47.8,2143,69.7
STATEN ISLAND,6,2019,SWD,1191,586,641,53.8,313,26.3,124,10.4,113,9.5,237,19.9
STATEN ISLAND,7,2019,Not SWD,3183,610,359,11.3,886,27.8,1115,35.0,823,25.9,1938,60.9
STATEN ISLAND,7,2019,SWD,1056,587,594,56.3,322,30.5,119,11.3,21,2.0,140,13.3
STATEN ISLAND,8,2019,Not SWD,2969,609,175,5.9,787,26.5,972,32.7,1035,34.9,2007,67.6
STATEN ISLAND,8,2019,SWD,960,589,318,33.1,440,45.8,156,16.3,46,4.8,202,21.0
STATEN ISLAND,All Grades,2019,Not SWD,18854,609,1830,9.7,4683,24.8,6813,36.1,5528,29.3,12341,65.5
STATEN ISLAND,All Grades,2019,SWD,6864,587,3165,46.1,2326,33.9,1072,15.6,301,4.4,1373,20.0
STATEN ISLAND,3,2018,Not SWD,3234,609,190,5.9,820,25.4,1798,55.6,426,13.2,2224,68.8
STATEN ISLAND,3,2018,SWD,1173,589,407,34.7,439,37.4,315,26.9,12,1.0,327,27.9
STATEN ISLAND,4,2018,Not SWD,3304,611,197,6.0,814,24.6,1188,36.0,1105,33.4,2293,69.4
STATEN ISLAND,4,2018,SWD,1216,589,436,35.9,485,39.9,229,18.8,66,5.4,295,24.3
STATEN ISLAND,5,2018,Not SWD,3263,609,478,14.6,1014,31.1,1026,31.4,745,22.8,1771,54.3
STATEN ISLAND,5,2018,SWD,1275,589,734,57.6,362,28.4,137,10.7,42,3.3,179,14.0
STATEN ISLAND,6,2018,Not SWD,3114,611,254,8.2,648,20.8,787,25.3,1425,45.8,2212,71.0
STATEN ISLAND,6,2018,SWD,1090,589,530,48.6,324,29.7,145,13.3,91,8.3,236,21.7
STATEN ISLAND,7,2018,Not SWD,3036,610,319,10.5,862,28.4,1170,38.5,685,22.6,1855,61.1
STATEN ISLAND,7,2018,SWD,1046,590,495,47.3,397,38.0,133,12.7,21,2.0,154,14.7
STATEN ISLAND,8,2018,Not SWD,2948,610,159,5.4,770,26.1,962,32.6,1057,35.9,2019,68.5
STATEN ISLAND,8,2018,SWD,973,590,306,31.4,465,47.8,158,16.2,44,4.5,202,20.8
STATEN ISLAND,All Grades,2018,Not SWD,18899,610,1597,8.5,4928,26.1,6931,36.7,5443,28.8,12374,65.5
STATEN ISLAND,All Grades,2018,SWD,6773,589,2908,42.9,2472,36.5,1117,16.5,276,4.1,1393,20.6