Borough,Category,Cohort Year,Cohort,# Total Cohort,# Grads,% Grads,# Total Regents,% Total Regents of Cohort,% Total Regents of Grads,# Advanced Regents,% Advanced Regents of Cohort,% Advanced Regents of Grads,# Regents without Advanced,% Regents without Advanced of Cohort,% Regents without Advanced of Grads,# Local,% Local of Cohort,% Local of Grads,# Still Enrolled,% Still Enrolled,# Dropout,% Dropout,# SACC (IEP Diploma),% SACC (IEP Diploma) of Cohort,# TASC (GED),% TASC (GED) of Cohort
Bronx,Econ Disadv,2019,4 year August,10114,7979,78.9,7936,78.5,99.5,1198,11.8,15.0,6738,66.6,84.4,43,0.4,0.5,1104,10.9,864,8.5,71,0.7,79,0.8
Bronx,Econ Disadv,2018,4 year August,10137,7986,78.8,7952,78.4,99.6,1755,17.3,22.0,6197,61.1,77.6,34,0.3,0.4,1100,10.9,872,8.6,88,0.9,81,0.8
Bronx,Econ Disadv,2017,4 year August,10685,8231,77.0,8187,76.6,99.5,2059,19.3,25.0,6128,57.4,74.5,44,0.4,0.5,1437,13.4,870,8.1,45,0.4,85,0.8
Bronx,Econ Disadv,2016,4 year August,10960,7986,72.9,7808,71.2,97.8,1591,14.5,19.9,6217,56.7,77.8,178,1.6,2.2,1680,15.3,1084,9.9,57,0.5,152,1.4
Bronx,Econ Disadv,2015,4 year August,11112,7744,69.7,6635,59.7,85.7,974,8.8,12.6,5661,50.9,73.1,1109,10.0,14.3,1704,15.3,1449,13.0,70,0.6,144,1.3
Bronx,Econ Disadv,2014,4 year August,11100,7432,67.0,6414,57.8,86.3,974,8.8,13.1,5440,49.0,73.2,1018,9.2,13.7,2168,19.5,1315,11.8,54,0.5,131,1.2
Bronx,Econ Disadv,2013,4 year August,10274,6883,67.0,6078,59.2,88.3,932,9.1,13.5,5146,50.1,74.8,805,7.8,11.7,2046,19.9,1166,11.3,68,0.7,103,1.0
Bronx,Econ Disadv,2012,4 year August,10416,6832,65.6,6154,59.1,90.1,897,8.6,13.1,5257,50.5,76.9,678,6.5,9.9,2139,20.5,1295,12.4,62,0.6,79,0.8
Bronx,Econ Disadv,2019,4 year June,10114,7724,76.4,7691,76.0,99.6,1195,11.8,15.5,6496,64.2,84.1,33,0.3,0.4,1344,13.3,879,8.7,71,0.7,79,0.8
Bronx,Econ Disadv,2018,4 year June,10137,7793,76.9,7765,76.6,99.6,1750,17.3,22.5,6015,59.3,77.2,28,0.3,0.4,1289,12.7,876,8.6,88,0.9,81,0.8
Bronx,Econ Disadv,2017,4 year June,10685,7928,74.2,7885,73.8,99.5,2046,19.1,25.8,5839,54.6,73.7,43,0.4,0.5,1735,16.2,874,8.2,46,0.4,85,0.8
Bronx,Econ Disadv,2016,4 year June,10960,7784,71.0,7615,69.5,97.8,1589,14.5,20.4,6026,55.0,77.4,169,1.5,2.2,1876,17.1,1090,9.9,57,0.5,152,1.4
Bronx,Econ Disadv,2015,4 year June,11112,7272,65.4,6310,56.8,86.8,971,8.7,13.4,5339,48.0,73.4,962,8.7,13.2,2162,19.5,1462,13.2,71,0.6,144,1.3
Bronx,Econ Disadv,2014,4 year June,11100,6978,62.9,6120,55.1,87.7,973,8.8,13.9,5147,46.4,73.8,858,7.7,12.3,2617,23.6,1315,11.8,59,0.5,131,1.2
Bronx,Econ Disadv,2013,4 year June,10274,6524,63.5,5817,56.6,89.2,929,9.0,14.2,4888,47.6,74.9,707,6.9,10.8,2400,23.4,1166,11.3,73,0.7,103,1.0
Bronx,Econ Disadv,2012,4 year June,10416,6511,62.5,5917,56.8,90.9,897,8.6,13.8,5020,48.2,77.1,594,5.7,9.1,2458,23.6,1295,12.4,64,0.6,79,0.8
Bronx,Econ Disadv,2018,5 year August,10090,8294,82.2,8238,81.6,99.3,1757,17.4,21.2,6481,64.2,78.1,56,0.6,0.7,316,3.1,1142,11.3,230,2.3,97,1.0
Bronx,Econ Disadv,2017,5 year August,10548,8522,80.8,8469,80.3,99.4,2039,19.3,23.9,6430,61.0,75.5,53,0.5,0.6,384,3.6,1282,12.2,234,2.2,113,1.1
Bronx,Econ Disadv,2016,5 year August,10856,8503,78.3,8295,76.4,97.6,1595,14.7,18.8,6700,61.7,78.8,208,1.9,2.4,606,5.6,1462,13.5,122,1.1,155,1.4
Bronx,Econ Disadv,2015,5 year August,10980,8332,75.9,7107,64.7,85.3,975,8.9,11.7,6132,55.8,73.6,1225,11.2,14.7,470,4.3,1773,16.1,253,2.3,152,1.4
Bronx,Econ Disadv,2014,5 year August,10834,7907,73.0,6688,61.7,84.6,974,9.0,12.3,5714,52.7,72.3,1219,11.3,15.4,524,4.8,2054,19.0,209,1.9,139,1.3
Bronx,Econ Disadv,2013,5 year August,10254,7338,71.6,6335,61.8,86.3,931,9.1,12.7,5404,52.7,73.6,1003,9.8,13.7,880,8.6,1709,16.7,207,2.0,119,1.2
Bronx,Econ Disadv,2012,5 year August,9972,7191,72.1,6376,63.9,88.7,896,9.0,12.5,5480,55.0,76.2,815,8.2,11.3,865,8.7,1684,16.9,132,1.3,92,0.9
Bronx,Econ Disadv,2018,5 year June,10090,8260,81.9,8205,81.3,99.3,1756,17.4,21.3,6449,63.9,78.1,55,0.5,0.7,343,3.4,1149,11.4,230,2.3,97,1.0
Bronx,Econ Disadv,2017,5 year June,10548,8487,80.5,8437,80.0,99.4,2039,19.3,24.0,6398,60.7,75.4,50,0.5,0.6,405,3.8,1296,12.3,234,2.2,113,1.1
Bronx,Econ Disadv,2016,5 year June,10856,8458,77.9,8251,76.0,97.6,1595,14.7,18.9,6656,61.3,78.7,207,1.9,2.4,645,5.9,1468,13.5,122,1.1,155,1.4
Bronx,Econ Disadv,2015,5 year June,10980,8269,75.3,7052,64.2,85.3,975,8.9,11.8,6077,55.3,73.5,1217,11.1,14.7,507,4.6,1799,16.4,253,2.3,152,1.4
Bronx,Econ Disadv,2014,5 year June,10834,7826,72.2,6642,61.3,84.9,974,9.0,12.4,5668,52.3,72.4,1184,10.9,15.1,582,5.4,2076,19.2,209,1.9,140,1.3
Bronx,Econ Disadv,2013,5 year June,10254,7264,70.8,6293,61.4,86.6,931,9.1,12.8,5362,52.3,73.8,971,9.5,13.4,953,9.3,1710,16.7,207,2.0,119,1.2
Bronx,Econ Disadv,2012,5 year June,9972,7121,71.4,6336,63.5,89.0,896,9.0,12.6,5440,54.6,76.4,785,7.9,11.0,931,9.3,1688,16.9,132,1.3,92,0.9
Bronx,Econ Disadv,2017,6 year June,10509,8610,81.9,8549,81.3,99.3,2039,19.4,23.7,6510,61.9,75.6,61,0.6,0.7,184,1.8,1342,12.8,255,2.4,110,1.0
Bronx,Econ Disadv,2016,6 year June,10829,8631,79.7,8417,77.7,97.5,1595,14.7,18.5,6822,63.0,79.0,214,2.0,2.5,225,2.1,1647,15.2,174,1.6,145,1.3
Bronx,Econ Disadv,2015,6 year June,10973,8510,77.6,7270,66.3,85.4,975,8.9,11.5,6295,57.4,74.0,1240,11.3,14.6,237,2.2,1812,16.5,266,2.4,145,1.3
Bronx,Econ Disadv,2014,6 year June,10803,8137,75.3,6853,63.4,84.2,975,9.0,12.0,5878,54.4,72.2,1284,11.9,15.8,260,2.4,2039,18.9,221,2.0,145,1.3
Bronx,Econ Disadv,2013,6 year June,10158,7530,74.1,6431,63.3,85.4,931,9.2,12.4,5500,54.1,73.0,1099,10.8,14.6,385,3.8,1920,18.9,216,2.1,107,1.1
Bronx,Econ Disadv,2012,6 year June,10002,7418,74.2,6509,65.1,87.7,896,9.0,12.1,5613,56.1,75.7,909,9.1,12.3,507,5.1,1833,18.3,147,1.5,94,0.9
Bronx,Not Econ Disadv,2019,4 year August,2142,1754,81.9,1742,81.3,99.3,604,28.2,34.4,1138,53.1,64.9,12,0.6,0.7,277,12.9,93,4.3,3,0.1,12,0.6
Bronx,Not Econ Disadv,2018,4 year August,2350,1935,82.3,1922,81.8,99.3,793,33.7,41.0,1129,48.0,58.3,13,0.6,0.7,300,12.8,102,4.3,7,0.3,6,0.3
Bronx,Not Econ Disadv,2017,4 year August,2467,1989,80.6,1949,79.0,98.0,813,33.0,40.9,1136,46.0,57.1,40,1.6,2.0,324,13.1,131,5.3,9,0.4,13,0.5
Bronx,Not Econ Disadv,2016,4 year August,2461,1952,79.3,1925,78.2,98.6,743,30.2,38.1,1182,48.0,60.6,27,1.1,1.4,296,12.0,187,7.6,3,0.1,23,0.9
Bronx,Not Econ Disadv,2015,4 year August,2779,2008,72.3,1811,65.2,90.2,605,21.8,30.1,1206,43.4,60.1,197,7.1,9.8,420,15.1,310,11.2,10,0.4,31,1.1
Bronx,Not Econ Disadv,2014,4 year August,2851,1966,69.0,1832,64.3,93.2,610,21.4,31.0,1222,42.9,62.2,134,4.7,6.8,464,16.3,378,13.3,10,0.4,33,1.2
Bronx,Not Econ Disadv,2013,4 year August,3456,2219,64.2,2027,58.7,91.3,616,17.8,27.8,1411,40.8,63.6,192,5.6,8.7,696,20.1,440,12.7,50,1.4,48,1.4
Bronx,Not Econ Disadv,2012,4 year August,3422,2153,62.9,1995,58.3,92.7,608,17.8,28.2,1387,40.5,64.4,158,4.6,7.3,737,21.5,462,13.5,38,1.1,31,0.9
Bronx,Not Econ Disadv,2019,4 year June,2142,1731,80.8,1720,80.3,99.4,604,28.2,34.9,1116,52.1,64.5,11,0.5,0.6,300,14.0,93,4.3,3,0.1,12,0.6
Bronx,Not Econ Disadv,2018,4 year June,2350,1907,81.1,1896,80.7,99.4,791,33.7,41.5,1105,47.0,57.9,11,0.5,0.6,328,14.0,102,4.3,7,0.3,6,0.3
Bronx,Not Econ Disadv,2017,4 year June,2467,1940,78.6,1911,77.5,98.5,812,32.9,41.9,1099,44.5,56.6,29,1.2,1.5,373,15.1,131,5.3,9,0.4,13,0.5
Bronx,Not Econ Disadv,2016,4 year June,2461,1912,77.7,1886,76.6,98.6,743,30.2,38.9,1143,46.4,59.8,26,1.1,1.4,328,13.3,195,7.9,3,0.1,23,0.9
Bronx,Not Econ Disadv,2015,4 year June,2779,1931,69.5,1757,63.2,91.0,604,21.7,31.3,1153,41.5,59.7,174,6.3,9.0,493,17.7,314,11.3,10,0.4,31,1.1
Bronx,Not Econ Disadv,2014,4 year June,2851,1886,66.2,1766,61.9,93.6,607,21.3,32.2,1159,40.7,61.5,120,4.2,6.4,544,19.1,378,13.3,10,0.4,33,1.2
Bronx,Not Econ Disadv,2013,4 year June,3456,2114,61.2,1953,56.5,92.4,615,17.8,29.1,1338,38.7,63.3,161,4.7,7.6,798,23.1,440,12.7,53,1.5,48,1.4
Bronx,Not Econ Disadv,2012,4 year June,3422,2070,60.5,1936,56.6,93.5,606,17.7,29.3,1330,38.9,64.3,134,3.9,6.5,820,24.0,462,13.5,38,1.1,31,0.9
Bronx,Not Econ Disadv,2018,5 year August,2296,1982,86.3,1967,85.7,99.2,793,34.5,40.0,1174,51.1,59.2,15,0.7,0.8,173,7.5,126,5.5,9,0.4,6,0.3
Bronx,Not Econ Disadv,2017,5 year August,2511,2095,83.4,2069,82.4,98.8,837,33.3,40.0,1232,49.1,58.8,26,1.0,1.2,197,7.8,179,7.1,24,1.0,15,0.6
Bronx,Not Econ Disadv,2016,5 year August,2486,2045,82.3,2005,80.7,98.0,744,29.9,36.4,1261,50.7,61.7,40,1.6,2.0,186,7.5,226,9.1,8,0.3,21,0.8
Bronx,Not Econ Disadv,2015,5 year August,2832,2152,76.0,1924,67.9,89.4,608,21.5,28.3,1316,46.5,61.2,228,8.1,10.6,280,9.9,344,12.1,20,0.7,36,1.3
Bronx,Not Econ Disadv,2014,5 year August,2995,2159,72.1,1968,65.7,91.2,610,20.4,28.3,1358,45.3,62.9,191,6.4,8.8,265,8.8,517,17.3,21,0.7,33,1.1
Bronx,Not Econ Disadv,2013,5 year August,3380,2434,72.0,2168,64.1,89.1,619,18.3,25.4,1549,45.8,63.6,266,7.9,10.9,292,8.6,555,16.4,56,1.7,43,1.3
Bronx,Not Econ Disadv,2012,5 year August,3830,2472,64.5,2211,57.7,89.4,609,15.9,24.6,1602,41.8,64.8,261,6.8,10.6,477,12.5,693,18.1,155,4.0,29,0.8
Bronx,Not Econ Disadv,2018,5 year June,2296,1980,86.2,1965,85.6,99.2,793,34.5,40.1,1172,51.0,59.2,15,0.7,0.8,174,7.6,127,5.5,9,0.4,6,0.3
Bronx,Not Econ Disadv,2017,5 year June,2511,2093,83.4,2067,82.3,98.8,837,33.3,40.0,1230,49.0,58.8,26,1.0,1.2,198,7.9,180,7.2,24,1.0,15,0.6
Bronx,Not Econ Disadv,2016,5 year June,2486,2037,81.9,1998,80.4,98.1,744,29.9,36.5,1254,50.4,61.6,39,1.6,1.9,194,7.8,226,9.1,8,0.3,21,0.8
Bronx,Not Econ Disadv,2015,5 year June,2832,2141,75.6,1914,67.6,89.4,608,21.5,28.4,1306,46.1,61.0,227,8.0,10.6,286,10.1,349,12.3,20,0.7,36,1.3
Bronx,Not Econ Disadv,2014,5 year June,2995,2142,71.5,1957,65.3,91.4,610,20.4,28.5,1347,45.0,62.9,185,6.2,8.6,279,9.3,520,17.4,21,0.7,33,1.1
Bronx,Not Econ Disadv,2013,5 year June,3380,2423,71.7,2161,63.9,89.2,619,18.3,25.5,1542,45.6,63.6,262,7.8,10.8,303,9.0,555,16.4,56,1.7,43,1.3
Bronx,Not Econ Disadv,2012,5 year June,3830,2449,63.9,2199,57.4,89.8,609,15.9,24.9,1590,41.5,64.9,250,6.5,10.2,500,13.1,693,18.1,155,4.0,29,0.8
Bronx,Not Econ Disadv,2017,6 year June,2493,2107,84.5,2080,83.4,98.7,837,33.6,39.7,1243,49.9,59.0,27,1.1,1.3,163,6.5,178,7.1,29,1.2,15,0.6
Bronx,Not Econ Disadv,2016,6 year June,2476,2066,83.4,2027,81.9,98.1,745,30.1,36.1,1282,51.8,62.1,39,1.6,1.9,130,5.3,243,9.8,15,0.6,22,0.9
Bronx,Not Econ Disadv,2015,6 year June,2819,2195,77.9,1960,69.5,89.3,608,21.6,27.7,1352,48.0,61.6,235,8.3,10.7,222,7.9,348,12.3,23,0.8,31,1.1
Bronx,Not Econ Disadv,2014,6 year June,2995,2199,73.4,1996,66.6,90.8,610,20.4,27.7,1386,46.3,63.0,203,6.8,9.2,238,7.9,501,16.7,24,0.8,33,1.1
Bronx,Not Econ Disadv,2013,6 year June,3405,2484,73.0,2200,64.6,88.6,619,18.2,24.9,1581,46.4,63.6,284,8.3,11.4,233,6.8,590,17.3,58,1.7,40,1.2
Bronx,Not Econ Disadv,2012,6 year June,3757,2544,67.7,2257,60.1,88.7,609,16.2,23.9,1648,43.9,64.8,287,7.6,11.3,308,8.2,720,19.2,155,4.1,30,0.8
Brooklyn,Econ Disadv,2019,4 year August,15075,12363,82.0,12311,81.7,99.6,3340,22.2,27.0,8971,59.5,72.6,52,0.3,0.4,1707,11.3,812,5.4,74,0.5,115,0.8
Brooklyn,Econ Disadv,2018,4 year August,14955,12393,82.9,12347,82.6,99.6,4630,31.0,37.4,7717,51.6,62.3,46,0.3,0.4,1618,10.8,750,5.0,79,0.5,110,0.7
Brooklyn,Econ Disadv,2017,4 year August,15271,12338,80.8,12307,80.6,99.7,4916,32.2,39.8,7391,48.4,59.9,31,0.2,0.3,2123,13.9,625,4.1,70,0.5,105,0.7
Brooklyn,Econ Disadv,2016,4 year August,15646,12273,78.4,12020,76.8,97.9,4075,26.0,33.2,7945,50.8,64.7,253,1.6,2.1,2331,14.9,833,5.3,78,0.5,130,0.8
Brooklyn,Econ Disadv,2015,4 year August,15541,11892,76.5,10588,68.1,89.0,2958,19.0,24.9,7630,49.1,64.2,1304,8.4,11.0,2332,15.0,1112,7.2,99,0.6,106,0.7
Brooklyn,Econ Disadv,2014,4 year August,15900,12170,76.5,10974,69.0,90.2,2890,18.2,23.7,8084,50.8,66.4,1196,7.5,9.8,2515,15.8,1004,6.3,94,0.6,115,0.7
Brooklyn,Econ Disadv,2013,4 year August,14937,11360,76.1,10398,69.6,91.5,2875,19.2,25.3,7523,50.4,66.2,962,6.4,8.5,2412,16.1,989,6.6,75,0.5,93,0.6
Brooklyn,Econ Disadv,2012,4 year August,14572,10697,73.4,9890,67.9,92.5,2535,17.4,23.7,7355,50.5,68.8,807,5.5,7.5,2634,18.1,1054,7.2,91,0.6,79,0.5
Brooklyn,Econ Disadv,2019,4 year June,15075,11859,78.7,11825,78.4,99.7,3317,22.0,28.0,8508,56.4,71.7,34,0.2,0.3,2196,14.6,827,5.5,74,0.5,115,0.8
Brooklyn,Econ Disadv,2018,4 year June,14955,11936,79.8,11898,79.6,99.7,4572,30.6,38.3,7326,49.0,61.4,38,0.3,0.3,2062,13.8,763,5.1,79,0.5,110,0.7
Brooklyn,Econ Disadv,2017,4 year June,15271,11815,77.4,11786,77.2,99.8,4866,31.9,41.2,6920,45.3,58.6,29,0.2,0.2,2642,17.3,629,4.1,70,0.5,105,0.7
Brooklyn,Econ Disadv,2016,4 year June,15646,11896,76.0,11660,74.5,98.0,4049,25.9,34.0,7611,48.6,64.0,236,1.5,2.0,2705,17.3,836,5.3,78,0.5,130,0.8
Brooklyn,Econ Disadv,2015,4 year June,15541,11248,72.4,10122,65.1,90.0,2935,18.9,26.1,7187,46.2,63.9,1126,7.2,10.0,2966,19.1,1122,7.2,99,0.6,106,0.7
Brooklyn,Econ Disadv,2014,4 year June,15900,11557,72.7,10530,66.2,91.1,2866,18.0,24.8,7664,48.2,66.3,1027,6.5,8.9,3127,19.7,1004,6.3,95,0.6,115,0.7
Brooklyn,Econ Disadv,2013,4 year June,14937,10788,72.2,9958,66.7,92.3,2857,19.1,26.5,7101,47.5,65.8,830,5.6,7.7,2983,20.0,989,6.6,76,0.5,93,0.6
Brooklyn,Econ Disadv,2012,4 year June,14572,10144,69.6,9460,64.9,93.3,2520,17.3,24.8,6940,47.6,68.4,684,4.7,6.7,3183,21.8,1054,7.2,94,0.6,79,0.5
Brooklyn,Econ Disadv,2018,5 year August,14849,12821,86.3,12754,85.9,99.5,4622,31.1,36.1,8132,54.8,63.4,67,0.5,0.5,501,3.4,1170,7.9,197,1.3,153,1.0
Brooklyn,Econ Disadv,2017,5 year August,15075,12895,85.5,12841,85.2,99.6,4925,32.7,38.2,7916,52.5,61.4,54,0.4,0.4,646,4.3,1161,7.7,228,1.5,138,0.9
Brooklyn,Econ Disadv,2016,5 year August,15544,12923,83.1,12658,81.4,97.9,4099,26.4,31.7,8559,55.1,66.2,265,1.7,2.1,1057,6.8,1230,7.9,146,0.9,177,1.1
Brooklyn,Econ Disadv,2015,5 year August,15370,12705,82.7,11291,73.5,88.9,2958,19.2,23.3,8333,54.2,65.6,1414,9.2,11.1,849,5.5,1434,9.3,219,1.4,163,1.1
Brooklyn,Econ Disadv,2014,5 year August,15608,12754,81.7,11334,72.6,88.9,2887,18.5,22.6,8447,54.1,66.2,1420,9.1,11.1,811,5.2,1700,10.9,211,1.4,129,0.8
Brooklyn,Econ Disadv,2013,5 year August,14767,11928,80.8,10707,72.5,89.8,2870,19.4,24.1,7837,53.1,65.7,1221,8.3,10.2,1070,7.2,1466,9.9,183,1.2,116,0.8
Brooklyn,Econ Disadv,2012,5 year August,14004,11221,80.1,10239,73.1,91.2,2535,18.1,22.6,7704,55.0,68.7,982,7.0,8.8,1062,7.6,1470,10.5,143,1.0,96,0.7
Brooklyn,Econ Disadv,2018,5 year June,14849,12737,85.8,12671,85.3,99.5,4621,31.1,36.3,8050,54.2,63.2,66,0.4,0.5,568,3.8,1187,8.0,197,1.3,153,1.0
Brooklyn,Econ Disadv,2017,5 year June,15075,12834,85.1,12780,84.8,99.6,4924,32.7,38.4,7856,52.1,61.2,54,0.4,0.4,693,4.6,1175,7.8,228,1.5,138,0.9
Brooklyn,Econ Disadv,2016,5 year June,15544,12832,82.6,12567,80.8,97.9,4094,26.3,31.9,8473,54.5,66.0,265,1.7,2.1,1137,7.3,1241,8.0,146,0.9,177,1.1
Brooklyn,Econ Disadv,2015,5 year June,15370,12609,82.0,11201,72.9,88.8,2958,19.2,23.5,8243,53.6,65.4,1408,9.2,11.2,911,5.9,1468,9.6,219,1.4,163,1.1
Brooklyn,Econ Disadv,2014,5 year June,15608,12636,81.0,11267,72.2,89.2,2886,18.5,22.8,8381,53.7,66.3,1369,8.8,10.8,898,5.8,1731,11.1,211,1.4,129,0.8
Brooklyn,Econ Disadv,2013,5 year June,14767,11802,79.9,10633,72.0,90.1,2869,19.4,24.3,7764,52.6,65.8,1169,7.9,9.9,1190,8.1,1470,10.0,185,1.3,116,0.8
Brooklyn,Econ Disadv,2012,5 year June,14004,11092,79.2,10152,72.5,91.5,2535,18.1,22.9,7617,54.4,68.7,940,6.7,8.5,1188,8.5,1472,10.5,143,1.0,96,0.7
Brooklyn,Econ Disadv,2017,6 year June,15078,13029,86.4,12963,86.0,99.5,4926,32.7,37.8,8037,53.3,61.7,66,0.4,0.5,266,1.8,1369,9.1,244,1.6,164,1.1
Brooklyn,Econ Disadv,2016,6 year June,15468,13136,84.9,12864,83.2,97.9,4103,26.5,31.2,8761,56.6,66.7,272,1.8,2.1,434,2.8,1518,9.8,180,1.2,192,1.2
Brooklyn,Econ Disadv,2015,6 year June,15359,12928,84.2,11499,74.9,88.9,2961,19.3,22.9,8538,55.6,66.0,1429,9.3,11.1,462,3.0,1535,10.0,251,1.6,179,1.2
Brooklyn,Econ Disadv,2014,6 year June,15558,13060,83.9,11588,74.5,88.7,2888,18.6,22.1,8700,55.9,66.6,1472,9.5,11.3,401,2.6,1715,11.0,242,1.6,139,0.9
Brooklyn,Econ Disadv,2013,6 year June,14696,12180,82.9,10859,73.9,89.2,2870,19.5,23.6,7989,54.4,65.6,1321,9.0,10.8,518,3.5,1671,11.4,202,1.4,123,0.8
Brooklyn,Econ Disadv,2012,6 year June,14012,11453,81.7,10385,74.1,90.7,2535,18.1,22.1,7850,56.0,68.5,1068,7.6,9.3,609,4.3,1666,11.9,166,1.2,102,0.7
Brooklyn,Not Econ Disadv,2019,4 year August,4607,3962,86.0,3947,85.7,99.6,1645,35.7,41.5,2302,50.0,58.1,15,0.3,0.4,419,9.1,197,4.3,8,0.2,21,0.5
Brooklyn,Not Econ Disadv,2018,4 year August,4919,4131,84.0,4109,83.5,99.5,1996,40.6,48.3,2113,43.0,51.1,22,0.4,0.5,478,9.7,257,5.2,13,0.3,38,0.8
Brooklyn,Not Econ Disadv,2017,4 year August,4865,4111,84.5,4005,82.3,97.4,2049,42.1,49.8,1956,40.2,47.6,106,2.2,2.6,532,10.9,190,3.9,7,0.1,25,0.5
Brooklyn,Not Econ Disadv,2016,4 year August,4661,3839,82.4,3792,81.4,98.8,1725,37.0,44.9,2067,44.3,53.8,47,1.0,1.2,513,11.0,269,5.8,10,0.2,30,0.6
Brooklyn,Not Econ Disadv,2015,4 year August,4844,3798,78.4,3540,73.1,93.2,1300,26.8,34.2,2240,46.2,59.0,258,5.3,6.8,649,13.4,344,7.1,6,0.1,47,1.0
Brooklyn,Not Econ Disadv,2014,4 year August,4666,3583,76.8,3358,72.0,93.7,1281,27.5,35.8,2077,44.5,58.0,225,4.8,6.3,664,14.2,374,8.0,8,0.2,36,0.8
Brooklyn,Not Econ Disadv,2013,4 year August,5159,3594,69.7,3366,65.2,93.7,1156,22.4,32.2,2210,42.8,61.5,228,4.4,6.3,962,18.6,508,9.8,43,0.8,48,0.9
Brooklyn,Not Econ Disadv,2012,4 year August,6251,4463,71.4,4220,67.5,94.6,1291,20.7,28.9,2929,46.9,65.6,243,3.9,5.4,1147,18.3,529,8.5,44,0.7,60,1.0
Brooklyn,Not Econ Disadv,2019,4 year June,4607,3839,83.3,3826,83.0,99.7,1637,35.5,42.6,2189,47.5,57.0,13,0.3,0.3,534,11.6,205,4.4,8,0.2,21,0.5
Brooklyn,Not Econ Disadv,2018,4 year June,4919,4005,81.4,3985,81.0,99.5,1974,40.1,49.3,2011,40.9,50.2,20,0.4,0.5,603,12.3,258,5.2,13,0.3,38,0.8
Brooklyn,Not Econ Disadv,2017,4 year June,4865,3976,81.7,3877,79.7,97.5,2039,41.9,51.3,1838,37.8,46.2,99,2.0,2.5,663,13.6,194,4.0,7,0.1,25,0.5
Brooklyn,Not Econ Disadv,2016,4 year June,4661,3750,80.5,3704,79.5,98.8,1715,36.8,45.7,1989,42.7,53.0,46,1.0,1.2,600,12.9,271,5.8,10,0.2,30,0.6
Brooklyn,Not Econ Disadv,2015,4 year June,4844,3645,75.2,3411,70.4,93.6,1289,26.6,35.4,2122,43.8,58.2,234,4.8,6.4,800,16.5,346,7.1,6,0.1,47,1.0
Brooklyn,Not Econ Disadv,2014,4 year June,4666,3448,73.9,3246,69.6,94.1,1277,27.4,37.0,1969,42.2,57.1,202,4.3,5.9,799,17.1,374,8.0,8,0.2,36,0.8
Brooklyn,Not Econ Disadv,2013,4 year June,5159,3416,66.2,3223,62.5,94.4,1147,22.2,33.6,2076,40.2,60.8,193,3.7,5.6,1140,22.1,508,9.8,43,0.8,48,0.9
Brooklyn,Not Econ Disadv,2012,4 year June,6251,4262,68.2,4052,64.8,95.1,1286,20.6,30.2,2766,44.2,64.9,210,3.4,4.9,1347,21.5,529,8.5,45,0.7,60,1.0
Brooklyn,Not Econ Disadv,2018,5 year August,4939,4323,87.5,4297,87.0,99.4,2020,40.9,46.7,2277,46.1,52.7,26,0.5,0.6,238,4.8,315,6.4,16,0.3,45,0.9
Brooklyn,Not Econ Disadv,2017,5 year August,4722,4170,88.3,4149,87.9,99.5,2070,43.8,49.6,2079,44.0,49.9,21,0.4,0.5,218,4.6,270,5.7,26,0.6,38,0.8
Brooklyn,Not Econ Disadv,2016,5 year August,4727,4085,86.4,4024,85.1,98.5,1742,36.9,42.6,2282,48.3,55.9,61,1.3,1.5,235,5.0,348,7.4,15,0.3,44,0.9
Brooklyn,Not Econ Disadv,2015,5 year August,4955,4106,82.9,3793,76.5,92.4,1323,26.7,32.2,2470,49.8,60.2,313,6.3,7.6,342,6.9,433,8.7,14,0.3,60,1.2
Brooklyn,Not Econ Disadv,2014,5 year August,4976,3967,79.7,3620,72.7,91.3,1294,26.0,32.6,2326,46.7,58.6,347,7.0,8.7,365,7.3,571,11.5,24,0.5,48,1.0
Brooklyn,Not Econ Disadv,2013,5 year August,5192,4033,77.7,3701,71.3,91.8,1170,22.5,29.0,2531,48.7,62.8,332,6.4,8.2,431,8.3,627,12.1,51,1.0,50,1.0
Brooklyn,Not Econ Disadv,2012,5 year August,6779,5062,74.7,4682,69.1,92.5,1299,19.2,25.7,3383,49.9,66.8,380,5.6,7.5,621,9.2,839,12.4,182,2.7,65,1.0
Brooklyn,Not Econ Disadv,2018,5 year June,4939,4312,87.3,4287,86.8,99.4,2020,40.9,46.8,2267,45.9,52.6,25,0.5,0.6,245,5.0,319,6.5,16,0.3,45,0.9
Brooklyn,Not Econ Disadv,2017,5 year June,4722,4153,88.0,4132,87.5,99.5,2069,43.8,49.8,2063,43.7,49.7,21,0.4,0.5,234,5.0,271,5.7,26,0.6,38,0.8
Brooklyn,Not Econ Disadv,2016,5 year June,4727,4049,85.7,3992,84.5,98.6,1739,36.8,42.9,2253,47.7,55.6,57,1.2,1.4,268,5.7,351,7.4,15,0.3,44,0.9
Brooklyn,Not Econ Disadv,2015,5 year June,4955,4078,82.3,3768,76.0,92.4,1322,26.7,32.4,2446,49.4,60.0,310,6.3,7.6,360,7.3,443,8.9,14,0.3,60,1.2
Brooklyn,Not Econ Disadv,2014,5 year June,4976,3940,79.2,3609,72.5,91.6,1293,26.0,32.8,2316,46.5,58.8,331,6.7,8.4,381,7.7,582,11.7,24,0.5,48,1.0
Brooklyn,Not Econ Disadv,2013,5 year June,5192,4013,77.3,3690,71.1,92.0,1170,22.5,29.2,2520,48.5,62.8,323,6.2,8.0,449,8.6,629,12.1,51,1.0,50,1.0
Brooklyn,Not Econ Disadv,2012,5 year June,6779,5014,74.0,4650,68.6,92.7,1299,19.2,25.9,3351,49.4,66.8,364,5.4,7.3,665,9.8,842,12.4,182,2.7,65,1.0
Brooklyn,Not Econ Disadv,2017,6 year June,4693,4196,89.4,4173,88.9,99.5,2071,44.1,49.4,2102,44.8,50.1,23,0.5,0.5,130,2.8,303,6.5,30,0.6,34,0.7
Brooklyn,Not Econ Disadv,2016,6 year June,4759,4153,87.3,4090,85.9,98.5,1745,36.7,42.0,2345,49.3,56.5,63,1.3,1.5,148,3.1,390,8.2,23,0.5,45,0.9
Brooklyn,Not Econ Disadv,2015,6 year June,4947,4187,84.6,3867,78.2,92.4,1323,26.7,31.6,2544,51.4,60.8,320,6.5,7.6,237,4.8,444,9.0,18,0.4,60,1.2
Brooklyn,Not Econ Disadv,2014,6 year June,4982,4036,81.0,3674,73.7,91.0,1295,26.0,32.1,2379,47.8,58.9,362,7.3,9.0,280,5.6,582,11.7,31,0.6,52,1.0
Brooklyn,Not Econ Disadv,2013,6 year June,5276,4162,78.9,3782,71.7,90.9,1170,22.2,28.1,2612,49.5,62.8,380,7.2,9.1,328,6.2,683,12.9,52,1.0,51,1.0
Brooklyn,Not Econ Disadv,2012,6 year June,6711,5161,76.9,4748,70.7,92.0,1299,19.4,25.2,3449,51.4,66.8,413,6.2,8.0,402,6.0,889,13.2,183,2.7,66,1.0
Manhattan,Econ Disadv,2019,4 year August,9958,8084,81.2,8049,80.8,99.6,2327,23.4,28.8,5722,57.5,70.8,35,0.4,0.4,1062,10.7,678,6.8,23,0.2,107,1.1
Manhattan,Econ Disadv,2018,4 year August,9988,8148,81.6,8118,81.3,99.6,2998,30.0,36.8,5120,51.3,62.8,30,0.3,0.4,1057,10.6,655,6.6,34,0.3,87,0.9
Manhattan,Econ Disadv,2017,4 year August,10351,8398,81.1,8369,80.9,99.7,3467,33.5,41.3,4902,47.4,58.4,29,0.3,0.3,1318,12.7,493,4.8,33,0.3,99,1.0
Manhattan,Econ Disadv,2016,4 year August,10870,8467,77.9,8281,76.2,97.8,3050,28.1,36.0,5231,48.1,61.8,186,1.7,2.2,1669,15.4,548,5.0,22,0.2,162,1.5
Manhattan,Econ Disadv,2015,4 year August,10687,8161,76.4,7446,69.7,91.2,2030,19.0,24.9,5416,50.7,66.4,715,6.7,8.8,1598,15.0,802,7.5,22,0.2,104,1.0
Manhattan,Econ Disadv,2014,4 year August,10867,8124,74.8,7427,68.3,91.4,2007,18.5,24.7,5420,49.9,66.7,697,6.4,8.6,1832,16.9,762,7.0,37,0.3,109,1.0
Manhattan,Econ Disadv,2013,4 year August,10115,7485,74.0,6893,68.1,92.1,1888,18.7,25.2,5005,49.5,66.9,592,5.9,7.9,1795,17.7,713,7.0,41,0.4,74,0.7
Manhattan,Econ Disadv,2012,4 year August,10308,7615,73.9,7125,69.1,93.6,1773,17.2,23.3,5352,51.9,70.3,490,4.8,6.4,1790,17.4,770,7.5,48,0.5,76,0.7
Manhattan,Econ Disadv,2019,4 year June,9958,7802,78.3,7744,77.8,99.3,2306,23.2,29.6,5438,54.6,69.7,58,0.6,0.7,1340,13.5,682,6.8,23,0.2,107,1.1
Manhattan,Econ Disadv,2018,4 year June,9988,7901,79.1,7877,78.9,99.7,2975,29.8,37.7,4902,49.1,62.0,24,0.2,0.3,1302,13.0,657,6.6,34,0.3,87,0.9
Manhattan,Econ Disadv,2017,4 year June,10351,8195,79.2,8171,78.9,99.7,3452,33.3,42.1,4719,45.6,57.6,24,0.2,0.3,1517,14.7,497,4.8,33,0.3,99,1.0
Manhattan,Econ Disadv,2016,4 year June,10870,8255,75.9,8082,74.4,97.9,3034,27.9,36.8,5048,46.4,61.2,173,1.6,2.1,1875,17.2,554,5.1,22,0.2,162,1.5
Manhattan,Econ Disadv,2015,4 year June,10687,7800,73.0,7168,67.1,91.9,2007,18.8,25.7,5161,48.3,66.2,632,5.9,8.1,1952,18.3,809,7.6,22,0.2,104,1.0
Manhattan,Econ Disadv,2014,4 year June,10867,7762,71.4,7140,65.7,92.0,1993,18.3,25.7,5147,47.4,66.3,622,5.7,8.0,2194,20.2,762,7.0,37,0.3,109,1.0
Manhattan,Econ Disadv,2013,4 year June,10115,7163,70.8,6641,65.7,92.7,1872,18.5,26.1,4769,47.1,66.6,522,5.2,7.3,2116,20.9,713,7.0,42,0.4,74,0.7
Manhattan,Econ Disadv,2012,4 year June,10308,7282,70.6,6851,66.5,94.1,1764,17.1,24.2,5087,49.4,69.9,431,4.2,5.9,2123,20.6,770,7.5,48,0.5,76,0.7
Manhattan,Econ Disadv,2018,5 year August,9999,8450,84.5,8412,84.1,99.6,2998,30.0,35.5,5414,54.1,64.1,38,0.4,0.4,417,4.2,911,9.1,91,0.9,125,1.3
Manhattan,Econ Disadv,2017,5 year August,10323,8725,84.5,8683,84.1,99.5,3468,33.6,39.7,5215,50.5,59.8,42,0.4,0.5,498,4.8,894,8.7,55,0.5,141,1.4
Manhattan,Econ Disadv,2016,5 year August,10909,8976,82.3,8770,80.4,97.7,3050,28.0,34.0,5720,52.4,63.7,206,1.9,2.3,792,7.3,881,8.1,61,0.6,193,1.8
Manhattan,Econ Disadv,2015,5 year August,10674,8752,82.0,7947,74.5,90.8,2028,19.0,23.2,5919,55.5,67.6,805,7.5,9.2,660,6.2,1000,9.4,75,0.7,186,1.7
Manhattan,Econ Disadv,2014,5 year August,10714,8602,80.3,7723,72.1,89.8,2010,18.8,23.4,5713,53.3,66.4,879,8.2,10.2,596,5.6,1266,11.8,102,1.0,148,1.4
Manhattan,Econ Disadv,2013,5 year August,10183,8005,78.6,7267,71.4,90.8,1895,18.6,23.7,5372,52.8,67.1,738,7.2,9.2,787,7.7,1178,11.6,84,0.8,128,1.3
Manhattan,Econ Disadv,2012,5 year August,10042,8020,79.9,7440,74.1,92.8,1773,17.7,22.1,5667,56.4,70.7,580,5.8,7.2,765,7.6,1088,10.8,61,0.6,102,1.0
Manhattan,Econ Disadv,2018,5 year June,9999,8408,84.1,8371,83.7,99.6,2998,30.0,35.7,5373,53.7,63.9,37,0.4,0.4,449,4.5,921,9.2,91,0.9,125,1.3
Manhattan,Econ Disadv,2017,5 year June,10323,8677,84.1,8637,83.7,99.5,3466,33.6,39.9,5171,50.1,59.6,40,0.4,0.5,538,5.2,902,8.7,55,0.5,141,1.4
Manhattan,Econ Disadv,2016,5 year June,10909,8908,81.7,8704,79.8,97.7,3050,28.0,34.2,5654,51.8,63.5,204,1.9,2.3,857,7.9,884,8.1,61,0.6,193,1.8
Manhattan,Econ Disadv,2015,5 year June,10674,8701,81.5,7900,74.0,90.8,2027,19.0,23.3,5873,55.0,67.5,801,7.5,9.2,695,6.5,1016,9.5,75,0.7,186,1.7
Manhattan,Econ Disadv,2014,5 year June,10714,8509,79.4,7665,71.5,90.1,2009,18.8,23.6,5656,52.8,66.5,844,7.9,9.9,666,6.2,1289,12.0,102,1.0,148,1.4
Manhattan,Econ Disadv,2013,5 year June,10183,7916,77.7,7207,70.8,91.0,1895,18.6,23.9,5312,52.2,67.1,709,7.0,9.0,874,8.6,1180,11.6,84,0.8,128,1.3
Manhattan,Econ Disadv,2012,5 year June,10042,7960,79.3,7394,73.6,92.9,1773,17.7,22.3,5621,56.0,70.6,566,5.6,7.1,825,8.2,1088,10.8,61,0.6,102,1.0
Manhattan,Econ Disadv,2017,6 year June,10341,8812,85.2,8769,84.8,99.5,3468,33.5,39.4,5301,51.3,60.2,43,0.4,0.5,278,2.7,1015,9.8,70,0.7,158,1.5
Manhattan,Econ Disadv,2016,6 year June,10908,9115,83.6,8902,81.6,97.7,3051,28.0,33.5,5851,53.6,64.2,213,2.0,2.3,335,3.1,1163,10.7,71,0.7,215,2.0
Manhattan,Econ Disadv,2015,6 year June,10704,8929,83.4,8117,75.8,90.9,2030,19.0,22.7,6087,56.9,68.2,812,7.6,9.1,373,3.5,1123,10.5,79,0.7,198,1.8
Manhattan,Econ Disadv,2014,6 year June,10750,8863,82.4,7931,73.8,89.5,2010,18.7,22.7,5921,55.1,66.8,932,8.7,10.5,299,2.8,1300,12.1,112,1.0,176,1.6
Manhattan,Econ Disadv,2013,6 year June,10151,8206,80.8,7408,73.0,90.3,1895,18.7,23.1,5513,54.3,67.2,798,7.9,9.7,379,3.7,1349,13.3,91,0.9,125,1.2
Manhattan,Econ Disadv,2012,6 year June,10100,8220,81.4,7570,75.0,92.1,1775,17.6,21.6,5795,57.4,70.5,650,6.4,7.9,412,4.1,1279,12.7,71,0.7,113,1.1
Manhattan,Not Econ Disadv,2019,4 year August,4702,4152,88.3,4143,88.1,99.8,1868,39.7,45.0,2275,48.4,54.8,9,0.2,0.2,332,7.1,197,4.2,5,0.1,13,0.3
Manhattan,Not Econ Disadv,2018,4 year August,4947,4303,87.0,4251,85.9,98.8,2267,45.8,52.7,1984,40.1,46.1,52,1.1,1.2,391,7.9,224,4.5,5,0.1,24,0.5
Manhattan,Not Econ Disadv,2017,4 year August,4841,4241,87.6,4184,86.4,98.7,2140,44.2,50.5,2044,42.2,48.2,57,1.2,1.3,354,7.3,221,4.6,2,0.0,23,0.5
Manhattan,Not Econ Disadv,2016,4 year August,4723,4025,85.2,3998,84.6,99.3,1898,40.2,47.2,2100,44.5,52.2,27,0.6,0.7,440,9.3,224,4.7,1,0.0,32,0.7
Manhattan,Not Econ Disadv,2015,4 year August,4587,3798,82.8,3664,79.9,96.5,1505,32.8,39.6,2159,47.1,56.8,134,2.9,3.5,474,10.3,275,6.0,5,0.1,35,0.8
Manhattan,Not Econ Disadv,2014,4 year August,4654,3778,81.2,3676,79.0,97.3,1507,32.4,39.9,2169,46.6,57.4,102,2.2,2.7,507,10.9,322,6.9,16,0.3,29,0.6
Manhattan,Not Econ Disadv,2013,4 year August,5165,3953,76.5,3802,73.6,96.2,1513,29.3,38.3,2289,44.3,57.9,151,2.9,3.8,751,14.5,404,7.8,14,0.3,41,0.8
Manhattan,Not Econ Disadv,2012,4 year August,5261,4022,76.4,3902,74.2,97.0,1429,27.2,35.5,2473,47.0,61.5,120,2.3,3.0,785,14.9,376,7.1,32,0.6,40,0.8
Manhattan,Not Econ Disadv,2019,4 year June,4702,4086,86.9,4067,86.5,99.5,1861,39.6,45.5,2206,46.9,54.0,19,0.4,0.5,396,8.4,199,4.2,5,0.1,13,0.3
Manhattan,Not Econ Disadv,2018,4 year June,4947,4237,85.6,4185,84.6,98.8,2246,45.4,53.0,1939,39.2,45.8,52,1.1,1.2,457,9.2,224,4.5,5,0.1,24,0.5
Manhattan,Not Econ Disadv,2017,4 year June,4841,4147,85.7,4105,84.8,99.0,2129,44.0,51.3,1976,40.8,47.6,42,0.9,1.0,448,9.3,221,4.6,2,0.0,23,0.5
Manhattan,Not Econ Disadv,2016,4 year June,4723,3986,84.4,3960,83.8,99.3,1894,40.1,47.5,2066,43.7,51.8,26,0.6,0.7,477,10.1,226,4.8,1,0.0,32,0.7
Manhattan,Not Econ Disadv,2015,4 year June,4587,3704,80.7,3585,78.2,96.8,1500,32.7,40.5,2085,45.5,56.3,119,2.6,3.2,566,12.3,277,6.0,5,0.1,35,0.8
Manhattan,Not Econ Disadv,2014,4 year June,4654,3683,79.1,3592,77.2,97.5,1502,32.3,40.8,2090,44.9,56.7,91,2.0,2.5,602,12.9,322,6.9,16,0.3,29,0.6
Manhattan,Not Econ Disadv,2013,4 year June,5165,3833,74.2,3703,71.7,96.6,1501,29.1,39.2,2202,42.6,57.4,130,2.5,3.4,871,16.9,404,7.8,14,0.3,41,0.8
Manhattan,Not Econ Disadv,2012,4 year June,5261,3914,74.4,3808,72.4,97.3,1422,27.0,36.3,2386,45.4,61.0,106,2.0,2.7,893,17.0,376,7.1,32,0.6,40,0.8
Manhattan,Not Econ Disadv,2018,5 year August,4940,4415,89.4,4360,88.3,98.8,2277,46.1,51.6,2083,42.2,47.2,55,1.1,1.2,217,4.4,271,5.5,6,0.1,31,0.6
Manhattan,Not Econ Disadv,2017,5 year August,4861,4301,88.5,4268,87.8,99.2,2146,44.1,49.9,2122,43.7,49.3,33,0.7,0.8,217,4.5,297,6.1,3,0.1,42,0.9
Manhattan,Not Econ Disadv,2016,5 year August,4716,4166,88.3,4129,87.6,99.1,1907,40.4,45.8,2222,47.1,53.3,37,0.8,0.9,243,5.2,266,5.6,2,0.0,38,0.8
Manhattan,Not Econ Disadv,2015,5 year August,4696,3973,84.6,3806,81.0,95.8,1517,32.3,38.2,2289,48.7,57.6,167,3.6,4.2,324,6.9,339,7.2,9,0.2,50,1.1
Manhattan,Not Econ Disadv,2014,5 year August,4869,3979,81.7,3837,78.8,96.4,1514,31.1,38.0,2323,47.7,58.4,142,2.9,3.6,347,7.1,484,9.9,17,0.3,42,0.9
Manhattan,Not Econ Disadv,2013,5 year August,5223,4212,80.6,4018,76.9,95.4,1529,29.3,36.3,2489,47.7,59.1,194,3.7,4.6,406,7.8,517,9.9,28,0.5,58,1.1
Manhattan,Not Econ Disadv,2012,5 year August,5591,4397,78.6,4210,75.3,95.7,1438,25.7,32.7,2772,49.6,63.0,187,3.3,4.3,500,8.9,568,10.2,67,1.2,55,1.0
Manhattan,Not Econ Disadv,2018,5 year June,4940,4409,89.3,4354,88.1,98.8,2277,46.1,51.6,2077,42.0,47.1,55,1.1,1.2,221,4.5,273,5.5,6,0.1,31,0.6
Manhattan,Not Econ Disadv,2017,5 year June,4861,4291,88.3,4258,87.6,99.2,2146,44.1,50.0,2112,43.4,49.2,33,0.7,0.8,226,4.6,298,6.1,3,0.1,42,0.9
Manhattan,Not Econ Disadv,2016,5 year June,4716,4153,88.1,4120,87.4,99.2,1907,40.4,45.9,2213,46.9,53.3,33,0.7,0.8,255,5.4,267,5.7,2,0.0,38,0.8
Manhattan,Not Econ Disadv,2015,5 year June,4696,3961,84.3,3796,80.8,95.8,1517,32.3,38.3,2279,48.5,57.5,165,3.5,4.2,332,7.1,343,7.3,9,0.2,50,1.1
Manhattan,Not Econ Disadv,2014,5 year June,4869,3963,81.4,3824,78.5,96.5,1514,31.1,38.2,2310,47.4,58.3,139,2.9,3.5,358,7.4,489,10.0,17,0.3,42,0.9
Manhattan,Not Econ Disadv,2013,5 year June,5223,4199,80.4,4009,76.8,95.5,1528,29.3,36.4,2481,47.5,59.1,190,3.6,4.5,418,8.0,517,9.9,29,0.6,58,1.1
Manhattan,Not Econ Disadv,2012,5 year June,5591,4382,78.4,4199,75.1,95.8,1438,25.7,32.8,2761,49.4,63.0,183,3.3,4.2,515,9.2,568,10.2,67,1.2,55,1.0
Manhattan,Not Econ Disadv,2017,6 year June,4853,4319,89.0,4286,88.3,99.2,2146,44.2,49.7,2140,44.1,49.5,33,0.7,0.8,170,3.5,321,6.6,3,0.1,38,0.8
Manhattan,Not Econ Disadv,2016,6 year June,4715,4189,88.8,4157,88.2,99.2,1907,40.4,45.5,2250,47.7,53.7,32,0.7,0.8,171,3.6,306,6.5,6,0.1,42,0.9
Manhattan,Not Econ Disadv,2015,6 year June,4674,4026,86.1,3850,82.4,95.6,1517,32.5,37.7,2333,49.9,57.9,176,3.8,4.4,238,5.1,349,7.5,10,0.2,51,1.1
Manhattan,Not Econ Disadv,2014,6 year June,4879,4025,82.5,3870,79.3,96.1,1514,31.0,37.6,2356,48.3,58.5,155,3.2,3.9,296,6.1,493,10.1,17,0.3,48,1.0
Manhattan,Not Econ Disadv,2013,6 year June,5293,4309,81.4,4084,77.2,94.8,1532,28.9,35.6,2552,48.2,59.2,225,4.3,5.2,302,5.7,597,11.3,26,0.5,57,1.1
Manhattan,Not Econ Disadv,2012,6 year June,5561,4475,80.5,4270,76.8,95.4,1438,25.9,32.1,2832,50.9,63.3,205,3.7,4.6,352,6.3,596,10.7,78,1.4,59,1.1
Queens,Econ Disadv,2019,4 year August,13798,12004,87.0,11984,86.9,99.8,4278,31.0,35.6,7706,55.8,64.2,20,0.1,0.2,1138,8.2,478,3.5,42,0.3,128,0.9
Queens,Econ Disadv,2018,4 year August,13717,11982,87.4,11941,87.1,99.7,5478,39.9,45.7,6463,47.1,53.9,41,0.3,0.3,1073,7.8,489,3.6,58,0.4,110,0.8
Queens,Econ Disadv,2017,4 year August,14099,12120,86.0,12107,85.9,99.9,6244,44.3,51.5,5863,41.6,48.4,13,0.1,0.1,1263,9.0,548,3.9,39,0.3,125,0.9
Queens,Econ Disadv,2016,4 year August,14298,11889,83.2,11756,82.2,98.9,5211,36.4,43.8,6545,45.8,55.1,133,0.9,1.1,1501,10.5,655,4.6,64,0.4,179,1.3
Queens,Econ Disadv,2015,4 year August,14372,11630,80.9,10802,75.2,92.9,3298,22.9,28.4,7504,52.2,64.5,828,5.8,7.1,1738,12.1,828,5.8,63,0.4,110,0.8
Queens,Econ Disadv,2014,4 year August,14837,11980,80.7,11210,75.6,93.6,3573,24.1,29.8,7637,51.5,63.7,770,5.2,6.4,1975,13.3,742,5.0,61,0.4,79,0.5
Queens,Econ Disadv,2013,4 year August,13327,10833,81.3,10254,76.9,94.7,3115,23.4,28.8,7139,53.6,65.9,579,4.3,5.3,1732,13.0,648,4.9,49,0.4,58,0.4
Queens,Econ Disadv,2012,4 year August,13016,10330,79.4,9803,75.3,94.9,2824,21.7,27.3,6979,53.6,67.6,527,4.0,5.1,1736,13.3,837,6.4,62,0.5,41,0.3
Queens,Econ Disadv,2019,4 year June,13798,11604,84.1,11590,84.0,99.9,4256,30.8,36.7,7334,53.2,63.2,14,0.1,0.1,1529,11.1,481,3.5,48,0.3,128,0.9
Queens,Econ Disadv,2018,4 year June,13717,11621,84.7,11589,84.5,99.7,5460,39.8,47.0,6129,44.7,52.7,32,0.2,0.3,1432,10.4,491,3.6,58,0.4,110,0.8
Queens,Econ Disadv,2017,4 year June,14099,11699,83.0,11674,82.8,99.8,6104,43.3,52.2,5570,39.5,47.6,25,0.2,0.2,1682,11.9,550,3.9,39,0.3,125,0.9
Queens,Econ Disadv,2016,4 year June,14298,11588,81.0,11459,80.1,98.9,5188,36.3,44.8,6271,43.9,54.1,129,0.9,1.1,1802,12.6,655,4.6,64,0.4,179,1.3
Queens,Econ Disadv,2015,4 year June,14372,11109,77.3,10397,72.3,93.6,3287,22.9,29.6,7110,49.5,64.0,712,5.0,6.4,2253,15.7,834,5.8,63,0.4,110,0.8
Queens,Econ Disadv,2014,4 year June,14837,11476,77.3,10828,73.0,94.4,3556,24.0,31.0,7272,49.0,63.4,648,4.4,5.6,2479,16.7,742,5.0,61,0.4,79,0.5
Queens,Econ Disadv,2013,4 year June,13327,10415,78.1,9908,74.3,95.1,3100,23.3,29.8,6808,51.1,65.4,507,3.8,4.9,2147,16.1,648,4.9,51,0.4,58,0.4
Queens,Econ Disadv,2012,4 year June,13016,9958,76.5,9497,73.0,95.4,2812,21.6,28.2,6685,51.4,67.1,461,3.5,4.6,2106,16.2,838,6.4,63,0.5,41,0.3
Queens,Econ Disadv,2018,5 year August,13662,12212,89.4,12168,89.1,99.6,5484,40.1,44.9,6684,48.9,54.7,44,0.3,0.4,343,2.5,767,5.6,191,1.4,146,1.1
Queens,Econ Disadv,2017,5 year August,13989,12398,88.6,12378,88.5,99.8,6240,44.6,50.3,6138,43.9,49.5,20,0.1,0.2,416,3.0,820,5.9,181,1.3,170,1.2
Queens,Econ Disadv,2016,5 year August,14187,12293,86.6,12147,85.6,98.8,5230,36.9,42.5,6917,48.8,56.3,146,1.0,1.2,619,4.4,926,6.5,133,0.9,208,1.5
Queens,Econ Disadv,2015,5 year August,14188,12239,86.3,11348,80.0,92.7,3298,23.2,26.9,8050,56.7,65.8,891,6.3,7.3,504,3.6,1047,7.4,219,1.5,173,1.2
Queens,Econ Disadv,2014,5 year August,14437,12340,85.5,11477,79.5,93.0,3557,24.6,28.8,7920,54.9,64.2,863,6.0,7.0,501,3.5,1284,8.9,202,1.4,110,0.8
Queens,Econ Disadv,2013,5 year August,13209,11009,83.3,10345,78.3,94.0,3036,23.0,27.6,7309,55.3,66.4,664,5.0,6.0,720,5.5,1061,8.0,326,2.5,87,0.7
Queens,Econ Disadv,2012,5 year August,12397,10571,85.3,9999,80.7,94.6,2814,22.7,26.6,7185,58.0,68.0,572,4.6,5.4,612,4.9,1049,8.5,95,0.8,60,0.5
Queens,Econ Disadv,2018,5 year June,13662,12168,89.1,12124,88.7,99.6,5482,40.1,45.1,6642,48.6,54.6,44,0.3,0.4,377,2.8,777,5.7,191,1.4,146,1.1
Queens,Econ Disadv,2017,5 year June,13989,12354,88.3,12336,88.2,99.9,6239,44.6,50.5,6097,43.6,49.4,18,0.1,0.1,448,3.2,832,5.9,181,1.3,170,1.2
Queens,Econ Disadv,2016,5 year June,14187,12233,86.2,12089,85.2,98.8,5229,36.9,42.7,6860,48.4,56.1,144,1.0,1.2,671,4.7,934,6.6,133,0.9,208,1.5
Queens,Econ Disadv,2015,5 year June,14188,12163,85.7,11273,79.5,92.7,3295,23.2,27.1,7978,56.2,65.6,890,6.3,7.3,558,3.9,1069,7.5,219,1.5,173,1.2
Queens,Econ Disadv,2014,5 year June,14437,12262,84.9,11420,79.1,93.1,3556,24.6,29.0,7864,54.5,64.1,842,5.8,6.9,557,3.9,1306,9.0,202,1.4,110,0.8
Queens,Econ Disadv,2013,5 year June,13209,10924,82.7,10289,77.9,94.2,3035,23.0,27.8,7254,54.9,66.4,635,4.8,5.8,802,6.1,1064,8.1,326,2.5,87,0.7
Queens,Econ Disadv,2012,5 year June,12397,10498,84.7,9947,80.2,94.8,2814,22.7,26.8,7133,57.5,67.9,551,4.4,5.2,684,5.5,1050,8.5,95,0.8,60,0.5
Queens,Econ Disadv,2017,6 year June,13930,12422,89.2,12398,89.0,99.8,6195,44.5,49.9,6203,44.5,49.9,24,0.2,0.2,205,1.5,934,6.7,194,1.4,170,1.2
Queens,Econ Disadv,2016,6 year June,14167,12398,87.5,12249,86.5,98.8,5230,36.9,42.2,7019,49.5,56.6,149,1.1,1.2,305,2.2,1054,7.4,183,1.3,219,1.5
Queens,Econ Disadv,2015,6 year June,14188,12385,87.3,11491,81.0,92.8,3301,23.3,26.7,8190,57.7,66.1,894,6.3,7.2,284,2.0,1097,7.7,229,1.6,188,1.3
Queens,Econ Disadv,2014,6 year June,14397,12558,87.2,11656,81.0,92.8,3559,24.7,28.3,8097,56.2,64.5,902,6.3,7.2,226,1.6,1259,8.7,225,1.6,129,0.9
Queens,Econ Disadv,2013,6 year June,13115,11148,85.0,10442,79.6,93.7,3040,23.2,27.3,7402,56.4,66.4,706,5.4,6.3,285,2.2,1242,9.5,344,2.6,91,0.7
Queens,Econ Disadv,2012,6 year June,12377,10657,86.1,10049,81.2,94.3,2814,22.7,26.4,7235,58.5,67.9,608,4.9,5.7,323,2.6,1183,9.6,116,0.9,61,0.5
Queens,Not Econ Disadv,2019,4 year August,4914,4236,86.2,4232,86.1,99.9,1802,36.7,42.5,2430,49.5,57.4,4,0.1,0.1,397,8.1,242,4.9,3,0.1,35,0.7
Queens,Not Econ Disadv,2018,4 year August,5331,4552,85.4,4541,85.2,99.8,2375,44.6,52.2,2166,40.6,47.6,11,0.2,0.2,432,8.1,290,5.4,12,0.2,44,0.8
Queens,Not Econ Disadv,2017,4 year August,5402,4594,85.0,4557,84.4,99.2,2620,48.5,57.0,1937,35.9,42.2,37,0.7,0.8,440,8.1,297,5.5,11,0.2,57,1.1
Queens,Not Econ Disadv,2016,4 year August,5252,4299,81.9,4258,81.1,99.0,2219,42.3,51.6,2039,38.8,47.4,41,0.8,1.0,519,9.9,357,6.8,10,0.2,65,1.2
Queens,Not Econ Disadv,2015,4 year August,5416,4335,80.0,4125,76.2,95.2,1588,29.3,36.6,2537,46.8,58.5,210,3.9,4.8,614,11.3,401,7.4,13,0.2,53,1.0
Queens,Not Econ Disadv,2014,4 year August,5408,4122,76.2,3900,72.1,94.6,1481,27.4,35.9,2419,44.7,58.7,222,4.1,5.4,718,13.3,462,8.5,40,0.7,65,1.2
Queens,Not Econ Disadv,2013,4 year August,6090,4279,70.3,4076,66.9,95.3,1430,23.5,33.4,2646,43.4,61.8,203,3.3,4.7,1060,17.4,590,9.7,51,0.8,42,0.7
Queens,Not Econ Disadv,2012,4 year August,6382,4436,69.5,4229,66.3,95.3,1301,20.4,29.3,2928,45.9,66.0,207,3.2,4.7,1063,16.7,658,10.3,64,1.0,32,0.5
Queens,Not Econ Disadv,2019,4 year June,4914,4123,83.9,4121,83.9,100.0,1798,36.6,43.6,2323,47.3,56.3,2,0.0,0.0,507,10.3,243,4.9,5,0.1,35,0.7
Queens,Not Econ Disadv,2018,4 year June,5331,4446,83.4,4436,83.2,99.8,2366,44.4,53.2,2070,38.8,46.6,10,0.2,0.2,536,10.1,292,5.5,12,0.2,44,0.8
Queens,Not Econ Disadv,2017,4 year June,5402,4447,82.3,4413,81.7,99.2,2582,47.8,58.1,1831,33.9,41.2,34,0.6,0.8,587,10.9,297,5.5,11,0.2,57,1.1
Queens,Not Econ Disadv,2016,4 year June,5252,4229,80.5,4190,79.8,99.1,2213,42.1,52.3,1977,37.6,46.7,39,0.7,0.9,586,11.2,360,6.9,10,0.2,65,1.2
Queens,Not Econ Disadv,2015,4 year June,5416,4190,77.4,4002,73.9,95.5,1580,29.2,37.7,2422,44.7,57.8,188,3.5,4.5,758,14.0,402,7.4,13,0.2,53,1.0
Queens,Not Econ Disadv,2014,4 year June,5408,3995,73.9,3800,70.3,95.1,1474,27.3,36.9,2326,43.0,58.2,195,3.6,4.9,845,15.6,462,8.5,40,0.7,65,1.2
Queens,Not Econ Disadv,2013,4 year June,6090,4118,67.6,3947,64.8,95.8,1423,23.4,34.6,2524,41.4,61.3,171,2.8,4.2,1219,20.0,590,9.7,53,0.9,42,0.7
Queens,Not Econ Disadv,2012,4 year June,6382,4242,66.5,4062,63.6,95.8,1293,20.3,30.5,2769,43.4,65.3,180,2.8,4.2,1256,19.7,658,10.3,64,1.0,32,0.5
Queens,Not Econ Disadv,2018,5 year August,5307,4669,88.0,4657,87.8,99.7,2379,44.8,51.0,2278,42.9,48.8,12,0.2,0.3,209,3.9,353,6.7,21,0.4,54,1.0
Queens,Not Econ Disadv,2017,5 year August,5413,4720,87.2,4695,86.7,99.5,2634,48.7,55.8,2061,38.1,43.7,25,0.5,0.5,215,4.0,375,6.9,25,0.5,75,1.4
Queens,Not Econ Disadv,2016,5 year August,5311,4522,85.1,4474,84.2,98.9,2228,42.0,49.3,2246,42.3,49.7,48,0.9,1.1,263,5.0,420,7.9,25,0.5,80,1.5
Queens,Not Econ Disadv,2015,5 year August,5581,4610,82.6,4363,78.2,94.6,1604,28.7,34.8,2759,49.4,59.8,247,4.4,5.4,328,5.9,548,9.8,23,0.4,71,1.3
Queens,Not Econ Disadv,2014,5 year August,5772,4503,78.0,4195,72.7,93.2,1504,26.1,33.4,2691,46.6,59.8,308,5.3,6.8,405,7.0,739,12.8,50,0.9,74,1.3
Queens,Not Econ Disadv,2013,5 year August,6050,4613,76.2,4315,71.3,93.5,1369,22.6,29.7,2946,48.7,63.9,298,4.9,6.5,446,7.4,769,12.7,166,2.7,48,0.8
Queens,Not Econ Disadv,2012,5 year August,6940,4975,71.7,4658,67.1,93.6,1314,18.9,26.4,3344,48.2,67.2,317,4.6,6.4,622,9.0,961,13.8,227,3.3,47,0.7
Queens,Not Econ Disadv,2018,5 year June,5307,4659,87.8,4647,87.6,99.7,2379,44.8,51.1,2268,42.7,48.7,12,0.2,0.3,213,4.0,359,6.8,21,0.4,54,1.0
Queens,Not Econ Disadv,2017,5 year June,5413,4707,87.0,4682,86.5,99.5,2634,48.7,56.0,2048,37.8,43.5,25,0.5,0.5,224,4.1,379,7.0,25,0.5,75,1.4
Queens,Not Econ Disadv,2016,5 year June,5311,4496,84.7,4451,83.8,99.0,2228,42.0,49.6,2223,41.9,49.4,45,0.8,1.0,286,5.4,423,8.0,25,0.5,80,1.5
Queens,Not Econ Disadv,2015,5 year June,5581,4595,82.3,4350,77.9,94.7,1604,28.7,34.9,2746,49.2,59.8,245,4.4,5.3,337,6.0,554,9.9,23,0.4,71,1.3
Queens,Not Econ Disadv,2014,5 year June,5772,4474,77.5,4176,72.3,93.3,1502,26.0,33.6,2674,46.3,59.8,298,5.2,6.7,423,7.3,750,13.0,50,0.9,74,1.3
Queens,Not Econ Disadv,2013,5 year June,6050,4579,75.7,4298,71.0,93.9,1369,22.6,29.9,2929,48.4,64.0,281,4.6,6.1,479,7.9,770,12.7,166,2.7,48,0.8
Queens,Not Econ Disadv,2012,5 year June,6940,4930,71.0,4630,66.7,93.9,1314,18.9,26.7,3316,47.8,67.3,300,4.3,6.1,662,9.5,966,13.9,227,3.3,47,0.7
Queens,Not Econ Disadv,2017,6 year June,5437,4782,88.0,4755,87.5,99.4,2679,49.3,56.0,2076,38.2,43.4,27,0.5,0.6,156,2.9,389,7.2,30,0.6,78,1.4
Queens,Not Econ Disadv,2016,6 year June,5309,4562,85.9,4514,85.0,98.9,2229,42.0,48.9,2285,43.0,50.1,48,0.9,1.1,192,3.6,440,8.3,33,0.6,80,1.5
Queens,Not Econ Disadv,2015,6 year June,5540,4664,84.2,4415,79.7,94.7,1604,29.0,34.4,2811,50.7,60.3,249,4.5,5.3,248,4.5,538,9.7,26,0.5,64,1.2
Queens,Not Econ Disadv,2014,6 year June,5797,4588,79.1,4265,73.6,93.0,1504,25.9,32.8,2761,47.6,60.2,323,5.6,7.0,309,5.3,764,13.2,49,0.8,86,1.5
Queens,Not Econ Disadv,2013,6 year June,6140,4713,76.8,4388,71.5,93.1,1370,22.3,29.1,3018,49.2,64.0,325,5.3,6.9,350,5.7,866,14.1,157,2.6,48,0.8
Queens,Not Econ Disadv,2012,6 year June,6814,5051,74.1,4706,69.1,93.2,1313,19.3,26.0,3393,49.8,67.2,345,5.1,6.8,415,6.1,994,14.6,251,3.7,46,0.7
Staten Island,Econ Disadv,2019,4 year August,2822,2333,82.7,2317,82.1,99.3,825,29.2,35.4,1492,52.9,64.0,16,0.6,0.7,272,9.6,140,5.0,27,1.0,50,1.8
Staten Island,Econ Disadv,2018,4 year August,2670,2181,81.7,2169,81.2,99.4,1162,43.5,53.3,1007,37.7,46.2,12,0.4,0.6,276,10.3,152,5.7,24,0.9,37,1.4
Staten Island,Econ Disadv,2017,4 year August,2717,2201,81.0,2191,80.6,99.5,1178,43.4,53.5,1013,37.3,46.0,10,0.4,0.5,339,12.5,138,5.1,9,0.3,30,1.1
Staten Island,Econ Disadv,2016,4 year August,2721,2147,78.9,2090,76.8,97.3,1018,37.4,47.4,1072,39.4,49.9,57,2.1,2.7,357,13.1,136,5.0,23,0.8,58,2.1
Staten Island,Econ Disadv,2015,4 year August,2579,2005,77.7,1728,67.0,86.2,612,23.7,30.5,1116,43.3,55.7,277,10.7,13.8,332,12.9,168,6.5,29,1.1,45,1.7
Staten Island,Econ Disadv,2014,4 year August,2688,2016,75.0,1755,65.3,87.1,593,22.1,29.4,1162,43.2,57.6,261,9.7,12.9,420,15.6,181,6.7,27,1.0,44,1.6
Staten Island,Econ Disadv,2013,4 year August,2374,1821,76.7,1625,68.4,89.2,488,20.6,26.8,1137,47.9,62.4,196,8.3,10.8,311,13.1,183,7.7,27,1.1,31,1.3
Staten Island,Econ Disadv,2012,4 year August,2206,1624,73.6,1421,64.4,87.5,432,19.6,26.6,989,44.8,60.9,203,9.2,12.5,359,16.3,185,8.4,13,0.6,25,1.1
Staten Island,Econ Disadv,2019,4 year June,2822,2283,80.9,2269,80.4,99.4,824,29.2,36.1,1445,51.2,63.3,14,0.5,0.6,321,11.4,141,5.0,27,1.0,50,1.8
Staten Island,Econ Disadv,2018,4 year June,2670,2142,80.2,2132,79.9,99.5,1157,43.3,54.0,975,36.5,45.5,10,0.4,0.5,314,11.8,153,5.7,24,0.9,37,1.4
Staten Island,Econ Disadv,2017,4 year June,2717,2108,77.6,2100,77.3,99.6,1165,42.9,55.3,935,34.4,44.4,8,0.3,0.4,430,15.8,140,5.2,9,0.3,30,1.1
Staten Island,Econ Disadv,2016,4 year June,2721,2109,77.5,2054,75.5,97.4,1017,37.4,48.2,1037,38.1,49.2,55,2.0,2.6,395,14.5,136,5.0,23,0.8,58,2.1
Staten Island,Econ Disadv,2015,4 year June,2579,1947,75.5,1696,65.8,87.1,611,23.7,31.4,1085,42.1,55.7,251,9.7,12.9,389,15.1,168,6.5,30,1.2,45,1.7
Staten Island,Econ Disadv,2014,4 year June,2688,1958,72.8,1722,64.1,87.9,593,22.1,30.3,1129,42.0,57.7,236,8.8,12.1,478,17.8,181,6.7,27,1.0,44,1.6
Staten Island,Econ Disadv,2013,4 year June,2374,1782,75.1,1596,67.2,89.6,486,20.5,27.3,1110,46.8,62.3,186,7.8,10.4,350,14.7,183,7.7,27,1.1,31,1.3
Staten Island,Econ Disadv,2012,4 year June,2206,1582,71.7,1398,63.4,88.4,432,19.6,27.3,966,43.8,61.1,184,8.3,11.6,401,18.2,185,8.4,13,0.6,25,1.1
Staten Island,Econ Disadv,2018,5 year August,2663,2249,84.5,2231,83.8,99.2,1162,43.6,51.7,1069,40.1,47.5,18,0.7,0.8,91,3.4,218,8.2,54,2.0,50,1.9
Staten Island,Econ Disadv,2017,5 year August,2684,2269,84.5,2253,83.9,99.3,1176,43.8,51.8,1077,40.1,47.5,16,0.6,0.7,79,2.9,242,9.0,50,1.9,42,1.6
Staten Island,Econ Disadv,2016,5 year August,2705,2240,82.8,2176,80.4,97.1,1021,37.7,45.6,1155,42.7,51.6,64,2.4,2.9,129,4.8,233,8.6,44,1.6,59,2.2
Staten Island,Econ Disadv,2015,5 year August,2557,2092,81.8,1794,70.2,85.8,613,24.0,29.3,1181,46.2,56.5,298,11.7,14.2,130,5.1,219,8.6,59,2.3,57,2.2
Staten Island,Econ Disadv,2014,5 year August,2639,2111,80.0,1794,68.0,85.0,594,22.5,28.1,1200,45.5,56.8,317,12.0,15.0,117,4.4,292,11.1,63,2.4,56,2.1
Staten Island,Econ Disadv,2013,5 year August,2403,1899,79.0,1661,69.1,87.5,488,20.3,25.7,1173,48.8,61.8,238,9.9,12.5,134,5.6,265,11.0,60,2.5,44,1.8
Staten Island,Econ Disadv,2012,5 year August,2116,1691,79.9,1459,69.0,86.3,432,20.4,25.5,1027,48.5,60.7,232,11.0,13.7,129,6.1,239,11.3,17,0.8,40,1.9
Staten Island,Econ Disadv,2018,5 year June,2663,2237,84.0,2220,83.4,99.2,1162,43.6,51.9,1058,39.7,47.3,17,0.6,0.8,103,3.9,218,8.2,54,2.0,50,1.9
Staten Island,Econ Disadv,2017,5 year June,2684,2261,84.2,2245,83.6,99.3,1176,43.8,52.0,1069,39.8,47.3,16,0.6,0.7,86,3.2,243,9.1,50,1.9,42,1.6
Staten Island,Econ Disadv,2016,5 year June,2705,2224,82.2,2160,79.9,97.1,1021,37.7,45.9,1139,42.1,51.2,64,2.4,2.9,144,5.3,234,8.7,44,1.6,59,2.2
Staten Island,Econ Disadv,2015,5 year June,2557,2083,81.5,1785,69.8,85.7,613,24.0,29.4,1172,45.8,56.3,298,11.7,14.3,136,5.3,222,8.7,59,2.3,57,2.2
Staten Island,Econ Disadv,2014,5 year June,2639,2095,79.4,1792,67.9,85.5,593,22.5,28.3,1199,45.4,57.2,303,11.5,14.5,131,5.0,294,11.1,63,2.4,56,2.1
Staten Island,Econ Disadv,2013,5 year June,2403,1887,78.5,1656,68.9,87.8,488,20.3,25.9,1168,48.6,61.9,231,9.6,12.2,146,6.1,265,11.0,60,2.5,44,1.8
Staten Island,Econ Disadv,2012,5 year June,2116,1685,79.6,1454,68.7,86.3,432,20.4,25.6,1022,48.3,60.7,231,10.9,13.7,135,6.4,239,11.3,17,0.8,40,1.9
Staten Island,Econ Disadv,2017,6 year June,2687,2297,85.5,2278,84.8,99.2,1176,43.8,51.2,1102,41.0,48.0,19,0.7,0.8,31,1.2,253,9.4,63,2.3,43,1.6
Staten Island,Econ Disadv,2016,6 year June,2698,2265,84.0,2200,81.5,97.1,1021,37.8,45.1,1179,43.7,52.1,65,2.4,2.9,50,1.9,262,9.7,56,2.1,65,2.4
Staten Island,Econ Disadv,2015,6 year June,2563,2126,82.9,1825,71.2,85.8,613,23.9,28.8,1212,47.3,57.0,301,11.7,14.2,64,2.5,255,9.9,69,2.7,49,1.9
Staten Island,Econ Disadv,2014,6 year June,2632,2155,81.9,1821,69.2,84.5,594,22.6,27.6,1227,46.6,56.9,334,12.7,15.5,51,1.9,294,11.2,70,2.7,62,2.4
Staten Island,Econ Disadv,2013,6 year June,2378,1923,80.9,1671,70.3,86.9,488,20.5,25.4,1183,49.7,61.5,252,10.6,13.1,57,2.4,290,12.2,65,2.7,42,1.8
Staten Island,Econ Disadv,2012,6 year June,2130,1726,81.0,1474,69.2,85.4,432,20.3,25.0,1042,48.9,60.4,252,11.8,14.6,76,3.6,254,11.9,24,1.1,50,2.3
Staten Island,Not Econ Disadv,2019,4 year August,1761,1636,92.9,1634,92.8,99.9,779,44.2,47.6,855,48.6,52.3,2,0.1,0.1,65,3.7,47,2.7,4,0.2,9,0.5
Staten Island,Not Econ Disadv,2018,4 year August,1898,1763,92.9,1760,92.7,99.8,1261,66.4,71.5,499,26.3,28.3,3,0.2,0.2,83,4.4,40,2.1,2,0.1,10,0.5
Staten Island,Not Econ Disadv,2017,4 year August,1965,1832,93.2,1827,93.0,99.7,1249,63.6,68.2,578,29.4,31.6,5,0.3,0.3,95,4.8,32,1.6,2,0.1,4,0.2
Staten Island,Not Econ Disadv,2016,4 year August,1973,1827,92.6,1806,91.5,98.9,1127,57.1,61.7,679,34.4,37.2,21,1.1,1.1,79,4.0,45,2.3,1,0.1,21,1.1
Staten Island,Not Econ Disadv,2015,4 year August,1855,1664,89.7,1509,81.3,90.7,734,39.6,44.1,775,41.8,46.6,155,8.4,9.3,118,6.4,56,3.0,0,0.0,17,0.9
Staten Island,Not Econ Disadv,2014,4 year August,1977,1752,88.6,1613,81.6,92.1,742,37.5,42.4,871,44.1,49.7,139,7.0,7.9,135,6.8,74,3.7,4,0.2,12,0.6
Staten Island,Not Econ Disadv,2013,4 year August,2257,1897,84.0,1752,77.6,92.4,746,33.1,39.3,1006,44.6,53.0,145,6.4,7.6,226,10.0,93,4.1,10,0.4,31,1.4
Staten Island,Not Econ Disadv,2012,4 year August,2338,1989,85.1,1841,78.7,92.6,719,30.8,36.1,1122,48.0,56.4,148,6.3,7.4,213,9.1,104,4.4,13,0.6,19,0.8
Staten Island,Not Econ Disadv,2019,4 year June,1761,1617,91.8,1617,91.8,100.0,779,44.2,48.2,838,47.6,51.8,0,0.0,0.0,83,4.7,47,2.7,5,0.3,9,0.5
Staten Island,Not Econ Disadv,2018,4 year June,1898,1743,91.8,1740,91.7,99.8,1258,66.3,72.2,482,25.4,27.7,3,0.2,0.2,103,5.4,40,2.1,2,0.1,10,0.5
Staten Island,Not Econ Disadv,2017,4 year June,1965,1807,92.0,1802,91.7,99.7,1247,63.5,69.0,555,28.2,30.7,5,0.3,0.3,120,6.1,32,1.6,2,0.1,4,0.2
Staten Island,Not Econ Disadv,2016,4 year June,1973,1813,91.9,1793,90.9,98.9,1121,56.8,61.8,672,34.1,37.1,20,1.0,1.1,93,4.7,45,2.3,1,0.1,21,1.1
Staten Island,Not Econ Disadv,2015,4 year June,1855,1647,88.8,1502,81.0,91.2,734,39.6,44.6,768,41.4,46.6,145,7.8,8.8,135,7.3,56,3.0,0,0.0,17,0.9
Staten Island,Not Econ Disadv,2014,4 year June,1977,1727,87.4,1595,80.7,92.4,741,37.5,42.9,854,43.2,49.4,132,6.7,7.6,160,8.1,74,3.7,4,0.2,12,0.6
Staten Island,Not Econ Disadv,2013,4 year June,2257,1865,82.6,1730,76.7,92.8,746,33.1,40.0,984,43.6,52.8,135,6.0,7.2,258,11.4,93,4.1,10,0.4,31,1.4
Staten Island,Not Econ Disadv,2012,4 year June,2338,1945,83.2,1811,77.5,93.1,719,30.8,37.0,1092,46.7,56.1,134,5.7,6.9,257,11.0,104,4.4,13,0.6,19,0.8
Staten Island,Not Econ Disadv,2018,5 year August,1886,1778,94.3,1773,94.0,99.7,1264,67.0,71.1,509,27.0,28.6,5,0.3,0.3,33,1.7,63,3.3,4,0.2,8,0.4
Staten Island,Not Econ Disadv,2017,5 year August,1969,1865,94.7,1861,94.5,99.8,1253,63.6,67.2,608,30.9,32.6,4,0.2,0.2,30,1.5,60,3.0,7,0.4,7,0.4
Staten Island,Not Econ Disadv,2016,5 year August,1975,1863,94.3,1840,93.2,98.8,1127,57.1,60.5,713,36.1,38.3,23,1.2,1.2,31,1.6,60,3.0,2,0.1,19,1.0
Staten Island,Not Econ Disadv,2015,5 year August,1870,1714,91.7,1549,82.8,90.4,735,39.3,42.9,814,43.5,47.5,165,8.8,9.6,54,2.9,78,4.2,3,0.2,21,1.1
Staten Island,Not Econ Disadv,2014,5 year August,2016,1802,89.4,1639,81.3,91.0,743,36.9,41.2,896,44.4,49.7,163,8.1,9.0,57,2.8,129,6.4,6,0.3,22,1.1
Staten Island,Not Econ Disadv,2013,5 year August,2221,1961,88.3,1795,80.8,91.5,747,33.6,38.1,1048,47.2,53.4,166,7.5,8.5,82,3.7,136,6.1,10,0.5,32,1.4
Staten Island,Not Econ Disadv,2012,5 year August,2428,2083,85.8,1893,78.0,90.9,719,29.6,34.5,1174,48.4,56.4,190,7.8,9.1,111,4.6,165,6.8,39,1.6,30,1.2
Staten Island,Not Econ Disadv,2018,5 year June,1886,1776,94.2,1771,93.9,99.7,1264,67.0,71.2,507,26.9,28.5,5,0.3,0.3,35,1.9,63,3.3,4,0.2,8,0.4
Staten Island,Not Econ Disadv,2017,5 year June,1969,1861,94.5,1857,94.3,99.8,1253,63.6,67.3,604,30.7,32.5,4,0.2,0.2,34,1.7,60,3.0,7,0.4,7,0.4
Staten Island,Not Econ Disadv,2016,5 year June,1975,1859,94.1,1836,93.0,98.8,1127,57.1,60.6,709,35.9,38.1,23,1.2,1.2,33,1.7,62,3.1,2,0.1,19,1.0
Staten Island,Not Econ Disadv,2015,5 year June,1870,1705,91.2,1540,82.4,90.3,735,39.3,43.1,805,43.0,47.2,165,8.8,9.7,60,3.2,81,4.3,3,0.2,21,1.1
Staten Island,Not Econ Disadv,2014,5 year June,2016,1800,89.3,1638,81.3,91.0,742,36.8,41.2,896,44.4,49.8,162,8.0,9.0,59,2.9,129,6.4,6,0.3,22,1.1
Staten Island,Not Econ Disadv,2013,5 year June,2221,1956,88.1,1793,80.7,91.7,747,33.6,38.2,1046,47.1,53.5,163,7.3,8.3,87,3.9,136,6.1,10,0.5,32,1.4
Staten Island,Not Econ Disadv,2012,5 year June,2428,2080,85.7,1890,77.8,90.9,719,29.6,34.6,1171,48.2,56.3,190,7.8,9.1,114,4.7,165,6.8,39,1.6,30,1.2
Staten Island,Not Econ Disadv,2017,6 year June,1963,1867,95.1,1862,94.9,99.7,1253,63.8,67.1,609,31.0,32.6,5,0.3,0.3,20,1.0,63,3.2,9,0.5,4,0.2
Staten Island,Not Econ Disadv,2016,6 year June,1981,1871,94.4,1847,93.2,98.7,1127,56.9,60.2,720,36.3,38.5,24,1.2,1.3,19,1.0,71,3.6,3,0.2,17,0.9
Staten Island,Not Econ Disadv,2015,6 year June,1870,1726,92.3,1559,83.4,90.3,735,39.3,42.6,824,44.1,47.7,167,8.9,9.7,41,2.2,77,4.1,3,0.2,23,1.2
Staten Island,Not Econ Disadv,2014,6 year June,2022,1816,89.8,1646,81.4,90.6,743,36.7,40.9,903,44.7,49.7,170,8.4,9.4,52,2.6,125,6.2,6,0.3,23,1.1
Staten Island,Not Econ Disadv,2013,6 year June,2236,1985,88.8,1810,80.9,91.2,747,33.4,37.6,1063,47.5,53.6,175,7.8,8.8,56,2.5,150,6.7,11,0.5,34,1.5
Staten Island,Not Econ Disadv,2012,6 year June,2410,2098,87.1,1898,78.8,90.5,719,29.8,34.3,1179,48.9,56.2,200,8.3,9.5,65,2.7,173,7.2,42,1.7,32,1.3